action_id,anchor_url,anchor_hash,fetch_status,http_status,content_type,file_path,file_sha256,content_bytes,fetched_at_utc,error
gov_action1k5vwlfrxtyusd2ec37tckd54gjvqn2kd72xj4t6wkkapdv7zfg0qq468n2r,https://ipfs.io/ipfs/QmV9raiDbx8cs5wspNT8EiX5ReusETusVerwQBSrmhrX8N,d03e71df06e67693e6b283a5921b124d9505546accec66872b35254d51bdb656,ok,200,application/json,data/input/governance/anchors/gov_action1k5vwlfrxtyusd2ec37tckd54gjvqn2kd72xj4t6wkkapdv7zfg0qq468n2r-20260326T060010Z.bin,b45ac922debf28a70bc714396c3162b687e1ba4ca47df32f64de3d798d68cb4a,6433,2026-03-26T06:00:10Z,
gov_action13qr78nhrhetywapvx2wpm63y9uxpc2dc45zsu9gkncasxqhuhltqqqfu32x,https://ipfs.io/ipfs/QmPXYnQ65EuKCVPrWfDqFZmiF8Y4PzxZ87XrGs6UaMkNru,6dbc26337a16d950ae3704b0f88ed1e39b8aceb6a28d497ce73c357340d45d90,ok,200,application/json,data/input/governance/anchors/gov_action13qr78nhrhetywapvx2wpm63y9uxpc2dc45zsu9gkncasxqhuhltqqqfu32x-20260326T060010Z.bin,e419d558779e3134b11eedbc76a548253fa83b758bc95ea754371f668b958c70,191283,2026-03-26T06:00:10Z,
gov_action1uhzd06a26qavzflvrx3gvcz6rzxkl6su2ns8t3seef5e8dl6nlgsqcgtufg,https://raw.githubusercontent.com/theeldermillenial/2025-liquidity-budget/f824da7f0c2dbab15e324d1736a967de87d34f7d/w1.jsonld,2b6d10884910aba1478c7e9b94207e54bd569eaea7262cff71df9d2053668f63,ok,200,text/plain; charset=utf-8,data/input/governance/anchors/gov_action1uhzd06a26qavzflvrx3gvcz6rzxkl6su2ns8t3seef5e8dl6nlgsqcgtufg-20260326T060010Z.bin,eb4545cc737a769869c76fb8e9fd72a8f64e8e9130d3b94e8deec2d727273ed6,20357,2026-03-26T06:00:10Z,
gov_action17dfgtkeufcy945e3ssanqpmn09ft3gezhvepvvg7msmlmaz260dqqjtsmpe,https://ipfs.io/ipfs/bafkreibeffgc4ow5rxbttesgqqe36copa5rejtsw6b4jruwow2p3wahxtq,4e90b2f7bb9044b6dcbe1209bc8aa4573101651468c60ab2c3b73535afa5741d,ok,200,application/json,data/input/governance/anchors/gov_action17dfgtkeufcy945e3ssanqpmn09ft3gezhvepvvg7msmlmaz260dqqjtsmpe-20260326T060010Z.bin,24294c2e3add8dc33992468409bf09cf076244ce56f07898d2ceb69fbb00f79c,27419,2026-03-26T06:00:10Z,
gov_action1a95na44kgedjk3k64ajpfp4p9d9jj3sgzc6tt9nmnkvgj7c9nraqq7g4d2u,https://ipfs.io/ipfs/bafkreidkxk3akjqukgyuxp65g2pesfbhk2miepg7cd6tq7u2hujxmxqzvu,34f05fe67c8f4172ac5e955c20c8204d37a3f5b2561038d199f4f626a32db6cf,ok,200,application/json,data/input/governance/anchors/gov_action1a95na44kgedjk3k64ajpfp4p9d9jj3sgzc6tt9nmnkvgj7c9nraqq7g4d2u-20260326T060010Z.bin,6abab605261451b14bbfdd369e4914275698823cdf10fd387e9a3d13765e19ad,20020,2026-03-26T06:00:10Z,
gov_action19uhuy5uame2s60yrh6n8cyds8ps5q7tkh05dqlzmpcfy429p9w4qq5ll3g0,https://ipfs.io/ipfs/bafkreicshobgfe6o6siinj6ym4yxpz4dyyf3dqfex3w42htfvhpdn6msfu,c5604e100bd27b04f620d38b0389ad7687da9e1fd5f602f5372157fd0e78adce,ok,200,application/json,data/input/governance/anchors/gov_action19uhuy5uame2s60yrh6n8cyds8ps5q7tkh05dqlzmpcfy429p9w4qq5ll3g0-20260326T060010Z.bin,523b826293cef49086a7d8673177e783c60bb1c0a4beedcd1e65a9de36f9922d,66605,2026-03-26T06:00:10Z,
gov_action1mldvtys6ketjg87wtpvr6cd77kdrd8sp62a8sxgadhmxx2s8lh7sqp2qedq,https://ipfs.io/ipfs/bafkreigmd7xasljkmisbal5pu2xcqolr2fkre4jnlllgqrof4wctadxa7m,8fd434526d3b799ffe1f8ffb4d3373b9445f1e6bf8bcc3a6c4acb9b82f2daacf,ok,200,application/json,data/input/governance/anchors/gov_action1mldvtys6ketjg87wtpvr6cd77kdrd8sp62a8sxgadhmxx2s8lh7sqp2qedq-20260326T060010Z.bin,cc1fee092d2a6224102fafa6ae283971d15512712d5ad66845c5e585300ee0fb,5115,2026-03-26T06:00:10Z,
gov_action1wwjwkg2g0qwr0mehey9r8gwn6qz3r28wl6wdl2s75kfmpy8j87tqqtft9tp,https://ipfs.io/ipfs/bafkreid7tr5uotr4bp2jp54q7lbm5p5eldncuahprj53msy6kqgjscyrdu,4e264b46f948da4a1917be590d14f10f9e36372075fd11561669180747c0588b,ok,200,application/json,data/input/governance/anchors/gov_action1wwjwkg2g0qwr0mehey9r8gwn6qz3r28wl6wdl2s75kfmpy8j87tqqtft9tp-20260326T060010Z.bin,7f9c7b474e3c0bf497f790fac2cebfa458da2a00ef8a7bb64b1e540c990b111d,2729,2026-03-26T06:00:10Z,
gov_action1fvgw27fjpr9c7g582mszzyez0jgkqgjgatzdnyngrg8wwc9kcn3qqxtz8r7,https://raw.githubusercontent.com/theeldermillenial/2025-liquidity-budget/refs/heads/master/withdrawal-1/data.jsonld,a92807ed4dcf4817d6ae0c87b6bf5815b2baf3aef52609f51bc4bdb402f6429c,http_error,404,,,,0,2026-03-26T06:00:11Z,HTTP Error 404: Not Found
gov_action1cgdsp7g0rr7wgqp7maptpvx525fxuqwfgm5qe3f5r20ew5x2772sq0m5y83,https://ipfs.io/ipfs/bafkreifwx5z25x6bh5vcwgvzrajy7qlgisukglywjjduwfsrsnp752pqca,f7e237031c174ba58190950350cc8c3ed940d4268bcc75e7f29080370ad34a55,ok,200,application/json,data/input/governance/anchors/gov_action1cgdsp7g0rr7wgqp7maptpvx525fxuqwfgm5qe3f5r20ew5x2772sq0m5y83-20260326T060011Z.bin,b6bf73aedfc13f6a2b1ab988138fc16644a8a32f164a474b1651935ffee9f010,17501,2026-03-26T06:00:11Z,
gov_action13pzmlsmmktmfareqpl3gzj9nm63ugwvmp3y7urkjhd8rf89tn6msq95mp3f,https://ipfs.io/ipfs/bafkreiaaevieqcufh6or65xtva2r2txy2tre45p4vlesfz5l3l5kpd6djm,25dcffe8d87e955b1637272b3650907e2cd9af7c914c1f6600c88ad97adc2469,ok,200,application/json,data/input/governance/anchors/gov_action13pzmlsmmktmfareqpl3gzj9nm63ugwvmp3y7urkjhd8rf89tn6msq95mp3f-20260326T060011Z.bin,002550480a853f9d1f76f3a8351d4ef8d4e24e75fcaac922e7abdafaa78fc34b,5856,2026-03-26T06:00:11Z,
gov_action1m3xx08yv788vfxqh6nfvrjtvmqpwezsy0ggaczctkyjmttc2wmxsq4jsr7q,https://ipfs.io/ipfs/bafkreidpcmogdet4beysyxq4u7l2qywplbfnahudyevqjcu2yxiceurn3u,ed54ad31d48602ce7c30eba13c209c71dcb63d6eb9906345a3367acec65175ad,ok,200,application/json,data/input/governance/anchors/gov_action1m3xx08yv788vfxqh6nfvrjtvmqpwezsy0ggaczctkyjmttc2wmxsq4jsr7q-20260326T060011Z.bin,6f131c61927c09312c5e1ca7d7a862cf584ad01e83c12b048a9ac5d022522ddd,8226,2026-03-26T06:00:11Z,
gov_action15ce4qnwug759939wqv782pvh6qg68khspg8kh02gmex99mcsytwqqqr7jkr,ipfs://QmP25wNHBBh62eRUBnRbvpXz2DFJ5aQBgbqMq27zpHXNjs,e3c9095166ee0a62a5b251b605f5316e1e585b993fbb9af5dece15893349c387,error,,,,,0,2026-03-26T06:00:11Z,The read operation timed out
gov_action1jxne7hynfd7frcczwumd2eggps4kvy0msjztz9t0mutpy870ksgqqp6vp3p,https://ipfs.io/ipfs/bafkreigxpweqv2rnh7ajt5hzdq6gikogmaq3nbyof5uvdntc4hkg52ghqy,6c5645b67cca1f39323984f97ea2d5f5a68423c592407e241b0637e26d244591,ok,200,application/json,data/input/governance/anchors/gov_action1jxne7hynfd7frcczwumd2eggps4kvy0msjztz9t0mutpy870ksgqqp6vp3p-20260326T060031Z.bin,d77d890aea2d3fc099f4f91c3c6429c66021b6870e2f6951b662e1d46ee8c786,6388,2026-03-26T06:00:31Z,
gov_action18fd7jwa06fksmwumlcvlft8v4guvaa672qsp6xgenekvs4kmvcqsq8cqks4,https://ipfs.io/ipfs/bafkreifxxz6n33l5umvgxdoxzp35gsnbzvi63slmeqnwg3pj4gsrwnzr4e,4fbbbd12cf0f2a4be498627a5c99d95762690eb57e276089f5d646877f95cf59,ok,200,application/json,data/input/governance/anchors/gov_action18fd7jwa06fksmwumlcvlft8v4guvaa672qsp6xgenekvs4kmvcqsq8cqks4-20260326T060031Z.bin,b7be7cdded7da32a6b8dd7cbf7d349a1cd51edc96c241b636de9e1a51b3731e1,14252,2026-03-26T06:00:31Z,
gov_action1aw809r9gpk7eemt02alszw7lceyf0505uvntavm62rakkckr3nxsqd54zm8,https://ipfs.io/ipfs/Qme6n18tBndukAbRyvHc6MMj8WrjsBnppYvTAmsm3SHa4y,84e66f959fdecfd86708a5e9cad50b24bcf2da97186182abedd2aa046447a4b2,ok,200,application/json,data/input/governance/anchors/gov_action1aw809r9gpk7eemt02alszw7lceyf0505uvntavm62rakkckr3nxsqd54zm8-20260326T060031Z.bin,159e3d765c96c7148f73dca604d1337755731736bfff9e0aff614e0c35b4846d,8638,2026-03-26T06:00:31Z,
gov_action1lqun78lcznfa2gek49m3ydslakfnm8heargfp8sax9fk54yl6ghsqp042zv,https://ipfs.io/ipfs/bafkreiecqskxkmakkrzrs2xs2olh5jcwbuz5qr5gesp6merwcaydcaojiq,1ff4e21156b94a8609545f96e68f005fcd1bf4c790fb6f613b7f8e49e1e71da6,ok,200,application/json,data/input/governance/anchors/gov_action1lqun78lcznfa2gek49m3ydslakfnm8heargfp8sax9fk54yl6ghsqp042zv-20260326T060031Z.bin,82849575300a5473196af2d3967ea4560d33d847a6249fe6123610303101c944,33761,2026-03-26T06:00:31Z,
gov_action1fk4nx9zhkcdcyjaudwjtnkd7gagwyhqtth2zypawkc78gvdxkuzqqtvqdkv,https://ipfs.io/ipfs/bafkreibqxuceexlhali4nhqo7tvsdzrcndzr775pv7wfsdq2lbxtyk4emu,7580221cf917c3ec6c1fe0ddf7a518f7e9fd357bbe1528b6a24e91b1bba90797,ok,200,application/json,data/input/governance/anchors/gov_action1fk4nx9zhkcdcyjaudwjtnkd7gagwyhqtth2zypawkc78gvdxkuzqqtvqdkv-20260326T060031Z.bin,30bd04425d6702d1c69e0efceb21e62268f31fffafafec590e1a586f3c2b8465,10099,2026-03-26T06:00:31Z,
gov_action169kllwhfmp488je5x5rwvufd08p8sztdcf0ghf5sp6ey2gnjdwaqql47xry,https://ipfs.io/ipfs/Qmeme8EWugVPQeVghpqB53nvG5U4VT9zy3Ta545fEJPnqL,25b56befe5ef4e472e3020b81162b4076f4e274f68fcdacb2ec686ca6197771e,ok,200,application/json,data/input/governance/anchors/gov_action169kllwhfmp488je5x5rwvufd08p8sztdcf0ghf5sp6ey2gnjdwaqql47xry-20260326T060031Z.bin,d92f18838fdd6b1304331f318cac5b8178dc5b216c8df1bf36de2e191427f64d,5957,2026-03-26T06:00:31Z,
gov_action13a2dqgwxum7d6kjfprcs57cf9733ek2dkt5qnuhqd4ll5ntcwu7sqluwkxd,https://ipfs.io/ipfs/bafkreicbxui5lbdrgcpjwhlti3rqkxfnd3vveiinkcu2zak5bny435w4yq,fec4cec86fe2c537c5f50c54dce3a200191d34c2330c2586792429aeeb05dc53,ok,200,application/json,data/input/governance/anchors/gov_action13a2dqgwxum7d6kjfprcs57cf9733ek2dkt5qnuhqd4ll5ntcwu7sqluwkxd-20260326T060031Z.bin,41bd11d58471309e9b1d7346e3055cad1eeb52210d50a9ac815d0b71cdf6dcc4,29610,2026-03-26T06:00:31Z,
gov_action1x2zm0lgd59kjrc9clzgscdlh0ct62l8llr638h6t4a5jj4yqzzyqq2dgc7q,https://most-brass-sun.quicknode-ipfs.com/ipfs/QmR7khTUdWyQFdNvyXDsuyZLUNsdfm7Ejo9wKfKdRE3ReG,78c5d369af0bd488807d9bd15bf19c13e2cc063e96bd4ab17ed7f8a57a8ba1ba,ok,200,application/json,data/input/governance/anchors/gov_action1x2zm0lgd59kjrc9clzgscdlh0ct62l8llr638h6t4a5jj4yqzzyqq2dgc7q-20260326T060032Z.bin,7d544e45fe10bdbbd6c1debcf20b4cd22c8a9396c76dda36a5c804acd3d9c37f,3665,2026-03-26T06:00:32Z,
gov_action1q0m8z7glm9cprucwf44hdjdfra8khnakpm3hu5ueh929hvljw4aqqzuxfxz,https://ipfs.io/ipfs/bafkreidl43ghacdpczaims63glq5kepaa63d63cr5mrpznv56jdm7e2eny,2c630b0662c474e69d40bae4a0619d6bf4947e3d6edc8e53c891b427299fbf10,ok,200,application/json,data/input/governance/anchors/gov_action1q0m8z7glm9cprucwf44hdjdfra8khnakpm3hu5ueh929hvljw4aqqzuxfxz-20260326T060032Z.bin,6be6cc70086f1640864bdb32e1d511e007b63f6c51eb22fcb6bdf246cf93446e,26291,2026-03-26T06:00:32Z,
gov_action15dh2lt4qskmhl97vat8s0l552ruvddrlasa0jndg7lg43g0uju3qq78hvja,https://ipfs.io/ipfs/QmeMvA4j38n46hye724etsdUoUMzQ3T9bvmHMJUtNRf9ps,235613f1d231e9a877eab4599f2d6a693d8cb279e2bc9c94c5f42f53750a34f9,ok,200,application/json,data/input/governance/anchors/gov_action15dh2lt4qskmhl97vat8s0l552ruvddrlasa0jndg7lg43g0uju3qq78hvja-20260326T060032Z.bin,b1d0ce10a0a2863d16b4d5696590b494f941cf4de057d943f453718d076941aa,7020,2026-03-26T06:00:32Z,
gov_action16f69yf2f35w9ds8sr05ewyr55jg5f439mu8882rv295fvf8m4kcqql7y6nc,ipfs://QmZdZ387ZfcDwQ4YYSPAvWX42gX1w8nGPdhbwk7gxTtNBE,a1eb9dd13a5ca3f009a261ddc07575190f98a42b94d180815fb5f2c0805b907c,error,,,,,0,2026-03-26T06:00:32Z,The read operation timed out
gov_action1ezp0r9rgf4njx93p9uq7l3kjs9m739jm0ntf26vplcmucec4jc0qqxjlfrc,https://ipfs.io/ipfs/bafkreig4ural237c4gczp4srzygsmlaquiibixiskus2lwy4a6vilivgiy,bbdd72333d18e36283ef8cfd8959a9382c90a1fd864845ed62120882455aa8fb,ok,200,application/json,data/input/governance/anchors/gov_action1ezp0r9rgf4njx93p9uq7l3kjs9m739jm0ntf26vplcmucec4jc0qqxjlfrc-20260326T060052Z.bin,dca440bd6fe2e18597f251ce0d262c10a210145d125525a5db1c07aa85a2a646,7785,2026-03-26T06:00:52Z,
gov_action16tdkp3fs0j6303e4utgp8rftdug0ckezr4sslgv8wxdaeq40ngpsq5sr06h,https://ipfs.io/ipfs/bafkreihju7a6zywpv3adaeeg4nnyrkewurng5csavsspmqsgikzg2suhry,e2ed7354990674f1087cb3672f0418ed2dde4f7cad3190992cea0448d5ca5bc9,ok,200,application/json,data/input/governance/anchors/gov_action16tdkp3fs0j6303e4utgp8rftdug0ckezr4sslgv8wxdaeq40ngpsq5sr06h-20260326T060052Z.bin,e9a7c1ece2cfaec0301086e35b88a896a45a6e8a40aca4f6424642b26d4a878e,20908,2026-03-26T06:00:52Z,
gov_action1n9hdlcmshrj3hee4g8n4fxdgrprpxp0r03l6psd3j0evtpck0nrsqm57age,https://ipfs.io/ipfs/bafkreigc2vumhgcgfuouuk5ndom4dg3yxncuhdcsyirbkybggd5bv47sve,19581423957b0f155170d04e8654374e205ab0e95ffa3a05c84b55ccc5deac70,ok,200,application/json,data/input/governance/anchors/gov_action1n9hdlcmshrj3hee4g8n4fxdgrprpxp0r03l6psd3j0evtpck0nrsqm57age-20260326T060052Z.bin,c2d568c398462d1d4a2bad1b99c19b78bb45438c52c22215602630fa1af3f2a9,3700,2026-03-26T06:00:52Z,
gov_action1u4jrcvlkppjzuv5j9z5ksacwtvv77h6glu0knpcjut8gvjjfu0cqqt3alsy,https://ipfs.io/ipfs/bafkreihk5qt5tgbojnno7eymbm2urm6y6jkt4yqfxdzh3agnj47zuv7lpe,0e219503c6731b471ed8e5b21165a25cb5aa7fcc585277abad5d0a84251b3168,ok,200,application/json,data/input/governance/anchors/gov_action1u4jrcvlkppjzuv5j9z5ksacwtvv77h6glu0knpcjut8gvjjfu0cqqt3alsy-20260326T060052Z.bin,eaec27d9982e4b5aef930c0b3548b3d8f2553e6205b8f27d80cd4f3f9a57eb79,27162,2026-03-26T06:00:52Z,
gov_action1jr84r96lnsvu9yd6c0jhxe9gj5r7vnd2pgkntc6klplxdpyzz4tqqc9uldx,https://ipfs.io/ipfs/bafkreiegpigegytetkwrqhftqphcqjkammmjipwq2d57s6xkfbtxiq3tei,79e4b2c345da31819fad30408f6eebaee352dff03adbb1a3fd9f15187f5c7e57,ok,200,application/json,data/input/governance/anchors/gov_action1jr84r96lnsvu9yd6c0jhxe9gj5r7vnd2pgkntc6klplxdpyzz4tqqc9uldx-20260326T060052Z.bin,867a0c4362649aad181cb383ce2825406318943ed0d0fbf97aea286774437322,21033,2026-03-26T06:00:52Z,
gov_action13836fuy3yttxn4hkeqka398q9qnwsjtmul4sxc3nht7qae8uvejsqm7ukh8,https://most-brass-sun.quicknode-ipfs.com/ipfs/QmTRrewK9MzARcCSYNFwmqizjFpMRK2kZhe9R6NJU4XHwJ,103ff312c9aa10e80ac8c2b572e1c0a33975f22441b0a14d09bcbbb2310b11eb,ok,200,application/json,data/input/governance/anchors/gov_action13836fuy3yttxn4hkeqka398q9qnwsjtmul4sxc3nht7qae8uvejsqm7ukh8-20260326T060052Z.bin,c8c7c680a6d4dbadfc2b68c8b1e9ef8a7a39cd1b694a21f62a236d1f5179a175,13099,2026-03-26T06:00:52Z,
gov_action1ypajyms3pcfmkx93r87dxy6jpc8u6pst90ylhxj7t0rwjj43puasq0x9jrw,https://ipfs.io/ipfs/bafkreig4vjv636y7yhc3va6u4u6euluzs7wxwas5ntwqrvyzafjnnbcsgu,37669749785f79cb3eb5005779095fbd733156bdaf9e20e55f7d233cb5946874,ok,200,application/json,data/input/governance/anchors/gov_action1ypajyms3pcfmkx93r87dxy6jpc8u6pst90ylhxj7t0rwjj43puasq0x9jrw-20260326T060053Z.bin,dcaa6bedfb1fc1c5ba83d4e53c4a2e9997ed7b025d6ced08d7190152d6845235,3366,2026-03-26T06:00:53Z,
gov_action1r44w54hx553mz0sr4cc07f8tlxzj2sa57l2pt3l9pa2ldw42fc7sq5q3rtn,https://raw.githubusercontent.com/snekadmin/Public/refs/heads/main/data_final.jsonld,2c6f7b5ff6456abf209329c4ce8b72e978722144ef67a60950f684cc8a2a7c0f,ok,200,text/plain; charset=utf-8,data/input/governance/anchors/gov_action1r44w54hx553mz0sr4cc07f8tlxzj2sa57l2pt3l9pa2ldw42fc7sq5q3rtn-20260326T060053Z.bin,5071c6491bd19c1c2ab63ea00c67aaac7dceb1d4c7c1010571524b778cf66ef8,14419,2026-03-26T06:00:53Z,
gov_action1g7sw0f8e8qa34lppj2erksvzf4j6e9udwaq6efslc8apdqeazygsq2spyyt,https://ipfs.io/ipfs/bafkreicw6kinbtfwxygoj4jf7khextfq6a3yirlhkldhd7zizdq4xu2ghm,2b225f65102d3eaffc87a84029237926e391d38fc2edb01b70004815e976339f,ok,200,application/json,data/input/governance/anchors/gov_action1g7sw0f8e8qa34lppj2erksvzf4j6e9udwaq6efslc8apdqeazygsq2spyyt-20260326T060053Z.bin,56f290d0ccb6be0ce4f125fa8e4bccb0f03784456752c671ff28c8e1cbd3463b,8582,2026-03-26T06:00:53Z,
gov_action1fl6r784t2ffw7q96du2znhprw90r3xvrfugvqelgqewgxex42kdqq9tgrd5,https://raw.githubusercontent.com/snekadmin/Public/refs/heads/main/data.jsonld,73de17cb7080e0b353c4adf33fa7d0f6b75c12ef1c0bd04f87cc8aa5464b3ef4,ok,200,text/plain; charset=utf-8,data/input/governance/anchors/gov_action1fl6r784t2ffw7q96du2znhprw90r3xvrfugvqelgqewgxex42kdqq9tgrd5-20260326T060053Z.bin,7f35fb6ed8cffd6549247cb5fc61223e68d4114f0fe95c5cf4e4fff2d4ef8e86,14398,2026-03-26T06:00:53Z,
gov_action193leqzml768nz7nmpepzx822a5mzyanqhtewaxjtul5gp6uhwvfsqgl2qg0,https://ipfs.io/ipfs/bafkreibelpp2qzjcpeizeobf57tmhl4q6kauutytdve3mqzzjxzp2jqjxm,f0c794a2c0168a534828149ba95e21ef81bfbc659e1461a28c38cb7fb423fec1,ok,200,application/json,data/input/governance/anchors/gov_action193leqzml768nz7nmpepzx822a5mzyanqhtewaxjtul5gp6uhwvfsqgl2qg0-20260326T060053Z.bin,245bdfa865227911923825efe6c3af90f2814a4f131d49b643394df2fd2609bb,15112,2026-03-26T06:00:53Z,
gov_action18nefry4qacd80xzs2srjahxm2e4vz3c8wvrr03rrtk8mdqfuknysq66459t,https://ipfs.io/ipfs/bafkreihj3ddbz7c52l2s3klalsf4ux5xqkawktom5v5apfral37hs6kpki,daef7fd77381f73cb8ac592762e4073cf18c756d347aefadc8a5bc32c1383a1b,ok,200,application/json,data/input/governance/anchors/gov_action18nefry4qacd80xzs2srjahxm2e4vz3c8wvrr03rrtk8mdqfuknysq66459t-20260326T060053Z.bin,e9d8c61cfc5dd2f52da9605c8bca5fb78281654dcced7a0796205efe79794f52,12789,2026-03-26T06:00:53Z,
gov_action13tfag48nf94rtjcdq7c06vhkslmxxw9h6c88sl7q5g5nnewcsvlzzy7m65d,https://ipfs.io/ipfs/bafkreialtiknfumaxc23xjqxs2r4g5qjca3tikopmottieu5iq2sr77b3i,6910800633dc66b84bb36e9ca1b520224ff68cf098e4eec51e621902036f67c3,ok,200,application/json,data/input/governance/anchors/gov_action13tfag48nf94rtjcdq7c06vhkslmxxw9h6c88sl7q5g5nnewcsvlzzy7m65d-20260326T060053Z.bin,0b9a14d2d180b8b5bba61796a3c3760910373429cf63a734129d443528ffe1da,14790,2026-03-26T06:00:53Z,
gov_action13tfag48nf94rtjcdq7c06vhkslmxxw9h6c88sl7q5g5nnewcsvlzyc3clg6,https://ipfs.io/ipfs/bafkreigrw7v6q2wcnbgjd22ev6eepitgaegtkkmhzwmsccfxmejkc3okbm,e6c107cbeebdb4d1130befae9306527fe0e0f7deabaa23259579ef5ec1f1b6e6,ok,200,application/json,data/input/governance/anchors/gov_action13tfag48nf94rtjcdq7c06vhkslmxxw9h6c88sl7q5g5nnewcsvlzyc3clg6-20260326T060053Z.bin,d1b7ebe86ac2684c91eb44af8847a266010d352987cd992108b76112a16dca0b,15910,2026-03-26T06:00:53Z,
gov_action13tfag48nf94rtjcdq7c06vhkslmxxw9h6c88sl7q5g5nnewcsvlzxt5eumh,https://ipfs.io/ipfs/bafkreicjt5d4y7phbqwyhfkmtz75u2nck3is5cuywkcisnmtsuibdrm3li,1d6faf578358ce2f2a2ce53611e23deefe2710f850410d4c75d362b7b710ac8e,ok,200,application/json,data/input/governance/anchors/gov_action13tfag48nf94rtjcdq7c06vhkslmxxw9h6c88sl7q5g5nnewcsvlzxt5eumh-20260326T060053Z.bin,499f47cc7de70c2d83954c9e7fda69a256d12e8a98b284893593951011c59b5a,17608,2026-03-26T06:00:53Z,
gov_action13tfag48nf94rtjcdq7c06vhkslmxxw9h6c88sl7q5g5nnewcsvlzqhm6e8q,https://ipfs.io/ipfs/bafkreigq3zbxymon7of3x4jtn7zrzjk2merntcd54yhvmgsjsduq6h3zwa,05e073547f99696350be0962e120f8af3236b15a36952468055834f97c570d61,ok,200,application/json,data/input/governance/anchors/gov_action13tfag48nf94rtjcdq7c06vhkslmxxw9h6c88sl7q5g5nnewcsvlzqhm6e8q-20260326T060053Z.bin,d0de437c31cdfb8bbbf1336ff31ca55a6122d9887de60f561a4990e90f1f79b0,16843,2026-03-26T06:00:53Z,
gov_action13tfag48nf94rtjcdq7c06vhkslmxxw9h6c88sl7q5g5nnewcsvlzgf074ea,https://ipfs.io/ipfs/bafkreig4bosl5dfpmtqguybf4yaffkwo5hcaxxy2k7wlbwdl57twojfk2i,82285aab3908be1a26b7c05cc79afce7eae51f895bcc2cbd70333c8d364000fa,ok,200,application/json,data/input/governance/anchors/gov_action13tfag48nf94rtjcdq7c06vhkslmxxw9h6c88sl7q5g5nnewcsvlzgf074ea-20260326T060054Z.bin,dc0ba4be8caf64e06a6025e60052aacee9c40bdf1a57ecb0d86befe76724aad2,14421,2026-03-26T06:00:54Z,
gov_action13tfag48nf94rtjcdq7c06vhkslmxxw9h6c88sl7q5g5nnewcsvlqz6d98zp,https://ipfs.io/ipfs/bafkreigt5xy56qjxd7dl2s7u6jxec2cfxevynppvgnnjifc2wawr7md5ha,442b57ebf94db21544475a5dbdfe57f50e648646533d31bfa329c280aebfcfe9,ok,200,application/json,data/input/governance/anchors/gov_action13tfag48nf94rtjcdq7c06vhkslmxxw9h6c88sl7q5g5nnewcsvlqz6d98zp-20260326T060054Z.bin,d3edf1df41371fc6bd4bf4f26e416845b92b86bdf5335a94145ab02d1fb07d38,18406,2026-03-26T06:00:54Z,
gov_action13tfag48nf94rtjcdq7c06vhkslmxxw9h6c88sl7q5g5nnewcsvlqyxzxz7k,https://ipfs.io/ipfs/bafkreidgiirfod3axto3xf3nducsao5w4rp6vqrijeh5m6mqgdxotaafbq,8d1c0464f194050638886d250d50900b63761673f6782cdf068ceebaf09624d7,ok,200,application/json,data/input/governance/anchors/gov_action13tfag48nf94rtjcdq7c06vhkslmxxw9h6c88sl7q5g5nnewcsvlqyxzxz7k-20260326T060054Z.bin,664222570f60bcddbb976d1d05203bb6e45feac228490fd6799030eee980050c,15182,2026-03-26T06:00:54Z,
gov_action13tfag48nf94rtjcdq7c06vhkslmxxw9h6c88sl7q5g5nnewcsvlqx488pdm,https://ipfs.io/ipfs/bafkreicmz5a6ylplflowjdj7vjzp6glt45k2r6mnhwlmzq7kjkl3fvuzeu,6aa8145ce310d9cdd733690a36ec68d017ec3c7f5bad82bfb3cf3792dc4787fc,ok,200,application/json,data/input/governance/anchors/gov_action13tfag48nf94rtjcdq7c06vhkslmxxw9h6c88sl7q5g5nnewcsvlqx488pdm-20260326T060054Z.bin,4ccf41ec2deb2add648d3faa72ff1973e755a8f98d3d96ccc3ea4a97b2d69925,13909,2026-03-26T06:00:54Z,
gov_action13tfag48nf94rtjcdq7c06vhkslmxxw9h6c88sl7q5g5nnewcsvlqwtnrdnx,https://ipfs.io/ipfs/bafkreigjofgwm4qtwn7r3e6nczaxo7jp4fmhzphozrpcuvnx5k2khlbtty,81d30592754fb8e332e5f5457e92107e0cb98c49a176eed4959067fa65989c54,ok,200,application/json,data/input/governance/anchors/gov_action13tfag48nf94rtjcdq7c06vhkslmxxw9h6c88sl7q5g5nnewcsvlqwtnrdnx-20260326T060054Z.bin,c9714d667213b37f1d93cd1641777d2fe1587cbceecc5e2a55b7eab4a3ac339e,13366,2026-03-26T06:00:54Z,
gov_action13tfag48nf94rtjcdq7c06vhkslmxxw9h6c88sl7q5g5nnewcsvlqvckzwqt,https://ipfs.io/ipfs/bafkreigfhg7nn4pshyogcokcuo7ohpjpw6gaatnm74hum5vungrqwvpxs4,33ee5e233b63202eaee7012a94775a1962655684fb23a1d2fcdef8495b7253b5,ok,200,application/json,data/input/governance/anchors/gov_action13tfag48nf94rtjcdq7c06vhkslmxxw9h6c88sl7q5g5nnewcsvlqvckzwqt-20260326T060054Z.bin,c539bed6f1f23e1c613942a3bee3bd2fb78c004dacff0f4676b469a30b55f797,12761,2026-03-26T06:00:54Z,
gov_action13tfag48nf94rtjcdq7c06vhkslmxxw9h6c88sl7q5g5nnewcsvlqudh2k4c,https://ipfs.io/ipfs/bafkreidlgy2mljdxjknsxzpy6im5xkgsw4ticvwqmgedecs53dzdqhgdlu,225fab3a8600db184858739731afcfbaf3edc68f5605f5cac402070d0e11402a,ok,200,application/json,data/input/governance/anchors/gov_action13tfag48nf94rtjcdq7c06vhkslmxxw9h6c88sl7q5g5nnewcsvlqudh2k4c-20260326T060054Z.bin,6b3634c5a4774a9b2be5f8f219dba8d2b7268156d06188320a5dd8f2381cc35d,16587,2026-03-26T06:00:54Z,
gov_action13tfag48nf94rtjcdq7c06vhkslmxxw9h6c88sl7q5g5nnewcsvlqsufvuyl,https://ipfs.io/ipfs/bafkreihqhuiuwdjyukw4ul5obxz656ndyz5najokjhdw7mbdscskyaalfu,ec310bd41bbdf756ad1deca9134e47662d4ae40a8ba5db3f4b694088d5cd17e9,ok,200,application/json,data/input/governance/anchors/gov_action13tfag48nf94rtjcdq7c06vhkslmxxw9h6c88sl7q5g5nnewcsvlqsufvuyl-20260326T060054Z.bin,f03d114b0d38a2adca2fae0df3eef9a3c67ad025ca49c76fb02390a4ac000b2d,14079,2026-03-26T06:00:54Z,
gov_action13tfag48nf94rtjcdq7c06vhkslmxxw9h6c88sl7q5g5nnewcsvlqqfgyy3v,https://ipfs.io/ipfs/bafkreidjnukg5c7u5zlkxaciy4hkxfixvtquhx6uzlqpydvrxormfqpdm4,6611ea5602de95d463ecf28f1c4ca26ad91fe7ed499d0a1594e3c2fd528a2a62,ok,200,application/json,data/input/governance/anchors/gov_action13tfag48nf94rtjcdq7c06vhkslmxxw9h6c88sl7q5g5nnewcsvlqqfgyy3v-20260326T060054Z.bin,696d146e8bf4ee56ab8048c70eab9517ace143dfd4cae0fc0eb1bba2c2c1e367,14777,2026-03-26T06:00:54Z,
gov_action13tfag48nf94rtjcdq7c06vhkslmxxw9h6c88sl7q5g5nnewcsvlqkqx0ecg,https://ipfs.io/ipfs/bafkreiedjhlwerulq5qg5tku2qqremf2cf2dguxvktttnjddei3fxct37a,0865ae8cbb9944db8fe55226ddb81870ef2c437e04ad5f960bf1df6d4248a848,ok,200,application/json,data/input/governance/anchors/gov_action13tfag48nf94rtjcdq7c06vhkslmxxw9h6c88sl7q5g5nnewcsvlqkqx0ecg-20260326T060054Z.bin,8349d762468b87606ecd54d4211230ba11743352f554e736a46322365b8a7bf8,16023,2026-03-26T06:00:54Z,
gov_action13tfag48nf94rtjcdq7c06vhkslmxxw9h6c88sl7q5g5nnewcsvlqj0vdlhj,https://ipfs.io/ipfs/bafkreibwg74hpx5vyyixzggxdkunrqy6kdkx2mpp57r6fknkqe7z263omm,544766bf20cf0099532a2c65d58b9a33c6078d8939e14dbfc4c18386d816fb32,ok,200,application/json,data/input/governance/anchors/gov_action13tfag48nf94rtjcdq7c06vhkslmxxw9h6c88sl7q5g5nnewcsvlqj0vdlhj-20260326T060054Z.bin,3637f877dfb5c6117c98d71aa8d8c31e50d57d31efefe3e2a9aa813f9d7b6e63,12743,2026-03-26T06:00:54Z,
gov_action13tfag48nf94rtjcdq7c06vhkslmxxw9h6c88sl7q5g5nnewcsvlqghuqg03,https://ipfs.io/ipfs/bafkreigm5xreg7ezyedhowwecyy2qnue3bfhbw5dex5odmvunddeg5jsem,d09693b720a87b5ea098b64dcd6687ece19cb407d3d38b9a08149199591ce39e,ok,200,application/json,data/input/governance/anchors/gov_action13tfag48nf94rtjcdq7c06vhkslmxxw9h6c88sl7q5g5nnewcsvlqghuqg03-20260326T060055Z.bin,ccede2437c99c106775ac41631a83684d84a70dba325fae1b2b468c643753223,14146,2026-03-26T06:00:55Z,
gov_action13tfag48nf94rtjcdq7c06vhkslmxxw9h6c88sl7q5g5nnewcsvlqczags6z,https://ipfs.io/ipfs/bafkreig7hi75t33nvu5t6y4hqf26thdpwvwvqcuzo3o3ehccslrwtf6bwe,35e6ee6e76bc847af8a9731d5341ae697f62485cc1ad946527587663e4ec0862,ok,200,application/json,data/input/governance/anchors/gov_action13tfag48nf94rtjcdq7c06vhkslmxxw9h6c88sl7q5g5nnewcsvlqczags6z-20260326T060055Z.bin,df3a3fd9ef6dad3b3f63878175e99c6fb56d580a9976ddb21c4292e36997c1b1,11883,2026-03-26T06:00:55Z,
gov_action13tfag48nf94rtjcdq7c06vhkslmxxw9h6c88sl7q5g5nnewcsvlq77jt4x4,https://ipfs.io/ipfs/bafkreians5wdbxjgttbajinzfrhdxd7q7mzpfahsyyjntcq4xekts4qasu,0274553f9fd998e540d3259081a7c2ef5eafce501606f588676b95d6f0bcc25f,ok,200,application/json,data/input/governance/anchors/gov_action13tfag48nf94rtjcdq7c06vhkslmxxw9h6c88sl7q5g5nnewcsvlq77jt4x4-20260326T060055Z.bin,0d976c30dd269cc204a1b92c4e3b8ff0fb32f280f2c612d98a1cb91539720095,18266,2026-03-26T06:00:55Z,
gov_action13tfag48nf94rtjcdq7c06vhkslmxxw9h6c88sl7q5g5nnewcsvlq63cfnf0,https://ipfs.io/ipfs/bafkreienjc55atyjxfy7ij2mthoud6m2um5snifhjvurflfujf4s2sa3le,2c7c141d70a47bbe09bab2d74a777c9bac5e65072b808e56364df23e490e7158,ok,200,application/json,data/input/governance/anchors/gov_action13tfag48nf94rtjcdq7c06vhkslmxxw9h6c88sl7q5g5nnewcsvlq63cfnf0-20260326T060055Z.bin,8d48bbd04f09b971f4274c99dd41f99aa33b26a0a74d6912acb449792d481b59,12647,2026-03-26T06:00:55Z,
gov_action13tfag48nf94rtjcdq7c06vhkslmxxw9h6c88sl7q5g5nnewcsvlq5nrw6t9,https://ipfs.io/ipfs/bafkreicc2dbqlrkqhahasq2qqho3lry2axt4adrfnamro43m56v5sib7hi,9301895f96b7874146af42202c318f5ba09972a435c33a4897d4c4f9ecc369b5,ok,200,application/json,data/input/governance/anchors/gov_action13tfag48nf94rtjcdq7c06vhkslmxxw9h6c88sl7q5g5nnewcsvlq5nrw6t9-20260326T060055Z.bin,42d0c305c550380e09435081ddb5c71a05e7c00e25681917736cefabd9203f3a,16818,2026-03-26T06:00:55Z,
gov_action13tfag48nf94rtjcdq7c06vhkslmxxw9h6c88sl7q5g5nnewcsvlq2yeptuu,https://ipfs.io/ipfs/bafkreibcranrq3y5eh7pcjuvq2tcmlapfw2pc7x3nazwp5lonx6docoayu,ca11386eb00bb251d30325abf0aeac97aeca08e97efe9bd421450ed25c558cbd,ok,200,application/json,data/input/governance/anchors/gov_action13tfag48nf94rtjcdq7c06vhkslmxxw9h6c88sl7q5g5nnewcsvlq2yeptuu-20260326T060055Z.bin,22881b186f1d21fef1269586a6262c0f2db4f17efb683367f56e6dfc3709c0c5,13872,2026-03-26T06:00:55Z,
gov_action13tfag48nf94rtjcdq7c06vhkslmxxw9h6c88sl7q5g5nnewcsvlpz4s2af8,https://ipfs.io/ipfs/bafkreiceukwtpmes66twb3axkdmftpg3p5vyfolgcyhkentlbuilc274fq,543eab698dcbf20074c31b7898df8476b48aef779db1117d3b64ca8f224b18a7,ok,200,application/json,data/input/governance/anchors/gov_action13tfag48nf94rtjcdq7c06vhkslmxxw9h6c88sl7q5g5nnewcsvlpz4s2af8-20260326T060055Z.bin,44a2ad37b092f7a760ec1750d859bcdb7f6b82b966160ea2366b0d10b16bfc2c,14741,2026-03-26T06:00:55Z,
gov_action13tfag48nf94rtjcdq7c06vhkslmxxw9h6c88sl7q5g5nnewcsvlpyflfc4s,https://ipfs.io/ipfs/bafkreicrrim5wicmsnrjpw7gp52jmebn7a2ly6j4eopjkvdsol6adyboqu,8bd3688c66f2735153455586c3d795358d04ef0f29243d22318a926bad73994f,ok,200,application/json,data/input/governance/anchors/gov_action13tfag48nf94rtjcdq7c06vhkslmxxw9h6c88sl7q5g5nnewcsvlpyflfc4s-20260326T060055Z.bin,518a19db204c936297dbe67f7496102df834bc793c239e95547272fc01e02e85,13463,2026-03-26T06:00:55Z,
gov_action13tfag48nf94rtjcdq7c06vhkslmxxw9h6c88sl7q5g5nnewcsvlpx66gmxa,https://ipfs.io/ipfs/bafkreihd2hqcfvssop4aqxxqoch63ds6mkpapsfm7j7onyvemzayiby4ua,13b431cf1bf0c152fb7e06906978446f5bcafa88f75c7943c0c3b9d2fed22e6a,ok,200,application/json,data/input/governance/anchors/gov_action13tfag48nf94rtjcdq7c06vhkslmxxw9h6c88sl7q5g5nnewcsvlpx66gmxa-20260326T060055Z.bin,e3d1e022d65273f8085ef0708fed8e5e629e07c8acfa7ee6e2a4664184071ca0,21235,2026-03-26T06:00:55Z,
gov_action13tfag48nf94rtjcdq7c06vhkslmxxw9h6c88sl7q5g5nnewcsvlpwywvhcq,https://ipfs.io/ipfs/bafkreid2pq5icpp77nfvdvnb5ipy3fqs77tpnls4ngxy6semzkdq7d2z7y,5edb23193df820ab4e8334d2e12fdc57aac5f06fe9a81067aa651b3439b57119,ok,200,application/json,data/input/governance/anchors/gov_action13tfag48nf94rtjcdq7c06vhkslmxxw9h6c88sl7q5g5nnewcsvlpwywvhcq-20260326T060055Z.bin,7a7c3a813dfffb4b51d5a1ea1f8d9612ffe6f6ae5c69af8f488cca870f8f59fe,16946,2026-03-26T06:00:55Z,
gov_action13tfag48nf94rtjcdq7c06vhkslmxxw9h6c88sl7q5g5nnewcsvlpvhtd5td,https://ipfs.io/ipfs/bafkreigltrp3abb6s667vrtnyspriii2j4wg25cieulbn26s3v36d4qsay,0fea1e7935a6a4257cf894d12c10ce650bf760b1bfa5cd13f51de6f7cdde9f6a,ok,200,application/json,data/input/governance/anchors/gov_action13tfag48nf94rtjcdq7c06vhkslmxxw9h6c88sl7q5g5nnewcsvlpvhtd5td-20260326T060055Z.bin,cb9c5fb0043e97bdfac66dc49f14211a4f2c6d7448251616ebd2dd77e1f21206,17249,2026-03-26T06:00:55Z,
gov_action13tfag48nf94rtjcdq7c06vhkslmxxw9h6c88sl7q5g5nnewcsvlpuz29v77,https://ipfs.io/ipfs/bafkreidccjzvdy7np2uybq22w4n52cqu2qguoaws4o3j3wvu2rk4n27npq,de0a1dc8171a2b2a55eb65413c8ec85e62a8fb12dd339dee954c1a23e6fe4555,ok,200,application/json,data/input/governance/anchors/gov_action13tfag48nf94rtjcdq7c06vhkslmxxw9h6c88sl7q5g5nnewcsvlpuz29v77-20260326T060055Z.bin,62127351e3ed7ea980c35ab71bdd0a14d40d4702d2e3b69ddab4d455c6ebed7c,16547,2026-03-26T06:00:55Z,
gov_action13tfag48nf94rtjcdq7c06vhkslmxxw9h6c88sl7q5g5nnewcsvlpsn5rx0e,https://ipfs.io/ipfs/bafkreidcvqu57gic4bigicuk6ssiykrkrfzi7c3jlwgiyxuskggqnyvcim,d8e6cc4597d146f0a25c86daa9dfa0f3f106db7baa6d32e79c8992d6c36bac43,ok,200,application/json,data/input/governance/anchors/gov_action13tfag48nf94rtjcdq7c06vhkslmxxw9h6c88sl7q5g5nnewcsvlpsn5rx0e-20260326T060056Z.bin,62ac29df9902e050640a8af4a48c2a2a89728f8b695d8c8c5e92518d06e2a243,16007,2026-03-26T06:00:56Z,
gov_action13tfag48nf94rtjcdq7c06vhkslmxxw9h6c88sl7q5g5nnewcsvlpqx4t762,https://ipfs.io/ipfs/bafkreiechnwimuhwdwovwscljcsypzjlidrmktcbcssoovbgwgxkm4g4d4,e998c36fe5dfefc1d7db075b256ae8a2d0a221c270c4c6beb11bfeebd535c6b4,ok,200,application/json,data/input/governance/anchors/gov_action13tfag48nf94rtjcdq7c06vhkslmxxw9h6c88sl7q5g5nnewcsvlpqx4t762-20260326T060056Z.bin,823b6c8650f61d9d5b484b48a587e52b40e2c54c4114a4e75426b1aea670dc1f,11405,2026-03-26T06:00:56Z,
gov_action13tfag48nf94rtjcdq7c06vhkslmxxw9h6c88sl7q5g5nnewcsvlpk0mqrnw,https://ipfs.io/ipfs/bafkreicek47fmmvljbc2bjosg23x7hj5h7ijg7on447oy5gfuii7opgm6y,e0b3334da88a7d80049cda2f4bd4491582d79fc8f76311eb83f030474ddc3186,ok,200,application/json,data/input/governance/anchors/gov_action13tfag48nf94rtjcdq7c06vhkslmxxw9h6c88sl7q5g5nnewcsvlpk0mqrnw-20260326T060056Z.bin,44573e5632ab4845a0a5d236b77f9d3d3fd0937dcde73eec74c5a211f73cccf6,24000,2026-03-26T06:00:56Z,
gov_action13tfag48nf94rtjcdq7c06vhkslmxxw9h6c88sl7q5g5nnewcsvlpjq3z9u5,https://ipfs.io/ipfs/bafkreihhdmx6eumwipv4zlhlrbbkz6uj52y6xpzpjgwfnkzzzamtqgmq4u,84772ee63ebacc574a240ed9a4c87b0c9dbd52539f7d648582d3941cd62ae307,ok,200,application/json,data/input/governance/anchors/gov_action13tfag48nf94rtjcdq7c06vhkslmxxw9h6c88sl7q5g5nnewcsvlpjq3z9u5-20260326T060056Z.bin,e71b2fe2519643ebccaceb8842acfa89eeb1ebbf2f49ac56ab39c819381990e5,14712,2026-03-26T06:00:56Z,
gov_action13tfag48nf94rtjcdq7c06vhkslmxxw9h6c88sl7q5g5nnewcsvlpgcp0jyh,https://ipfs.io/ipfs/bafkreigivcba5jtrmzvr4ilvokyyzbryry63cz6ctow7tjmmkjxpvgfbsq,8b79b51817672478d2f416c28faaded094679bfe029750df4f5c1800581544d5,ok,200,application/json,data/input/governance/anchors/gov_action13tfag48nf94rtjcdq7c06vhkslmxxw9h6c88sl7q5g5nnewcsvlpgcp0jyh-20260326T060056Z.bin,c8a8820ea671666b1e217572b18c86388e3db167c29badf9a58c526efa98a194,13827,2026-03-26T06:00:56Z,
gov_action13tfag48nf94rtjcdq7c06vhkslmxxw9h6c88sl7q5g5nnewcsvlpcdq823y,https://ipfs.io/ipfs/bafkreidb56gwlzeuzav2xfubcbqa7txllbl2byiadnlxjdr2dgaqgb7z4m,c75b301ed27728ca5f3f12393b6d289560a26984d2683083a14af527279a4b37,ok,200,application/json,data/input/governance/anchors/gov_action13tfag48nf94rtjcdq7c06vhkslmxxw9h6c88sl7q5g5nnewcsvlpcdq823y-20260326T060056Z.bin,61ef8d65e494c82bab968110600fceeb5857a0e1001b57748e3a19810307f9e3,14854,2026-03-26T06:00:56Z,
gov_action13tfag48nf94rtjcdq7c06vhkslmxxw9h6c88sl7q5g5nnewcsvlp730y0dn,https://ipfs.io/ipfs/bafkreihki45xehzrcyk6e7onyjc3u4mjg3vbd72oi5wfg2h6blemtr65yq,7815312a170820ad2f5ad64e11118e31b4110c4bc995f7bd375911ec32e83c1a,ok,200,application/json,data/input/governance/anchors/gov_action13tfag48nf94rtjcdq7c06vhkslmxxw9h6c88sl7q5g5nnewcsvlp730y0dn-20260326T060056Z.bin,ea473b721f311615e27dcdc245ba718936ea11ff4e476c5368fe0ac8c9c7ddc4,18888,2026-03-26T06:00:56Z,
gov_action13tfag48nf94rtjcdq7c06vhkslmxxw9h6c88sl7q5g5nnewcsvlp679xfzf,https://ipfs.io/ipfs/bafkreicewinu7ogkkxho7ubwpi6q4iy2xqs2pv4lhvueyz6qe3rkc2icru,2b5c10989138f68e18b3ecf2f762cb0dd5eb233b0e68d6265b5944ac45261425,ok,200,application/json,data/input/governance/anchors/gov_action13tfag48nf94rtjcdq7c06vhkslmxxw9h6c88sl7q5g5nnewcsvlp679xfzf-20260326T060056Z.bin,44b21b4fb8ca55ceefd0367a3d0e231abc25a7d78b3d684c67d026e2a169028d,13635,2026-03-26T06:00:56Z,
gov_action13tfag48nf94rtjcdq7c06vhkslmxxw9h6c88sl7q5g5nnewcsvlp5u7pqqr,https://ipfs.io/ipfs/bafkreidlb2fusg7asmfcnugcrzmfkhk6sb32b4st5ieji2q3oxmbhm6sma,97de3986c77d6dae95e6e41f8aca5485e27392c186e77a8633d47fd2046c975d,ok,200,application/json,data/input/governance/anchors/gov_action13tfag48nf94rtjcdq7c06vhkslmxxw9h6c88sl7q5g5nnewcsvlp5u7pqqr-20260326T060056Z.bin,6b0e8b491be0930a26d0c28e58551d5e9077a0f253ea08946a1b75d813b3d260,16911,2026-03-26T06:00:56Z,
gov_action13tfag48nf94rtjcdq7c06vhkslmxxw9h6c88sl7q5g5nnewcsvlp2tyw3h6,https://ipfs.io/ipfs/bafkreidy6xsjjpdccodhiurbdcvtcf5tqzkyfgx3ruuhso2ijjuovycuny,b71b018ef4d339cd75de80c9a57259247f1b38242ec2a9ae14f071d78e10352a,ok,200,application/json,data/input/governance/anchors/gov_action13tfag48nf94rtjcdq7c06vhkslmxxw9h6c88sl7q5g5nnewcsvlp2tyw3h6-20260326T060056Z.bin,78f5e494bc62138674522118ab3117b38655829afb8d28793b484a68eae0546e,18557,2026-03-26T06:00:56Z,
gov_action1f9da8n2yaf4updxzmwc7fnw8ug2gwnpvqays5n3yw6nz0mu3z2qqq6ggge9,https://most-brass-sun.quicknode-ipfs.com/ipfs/QmQTpreux4fpWQ5jL4gxZVp7Zx6KNWnoRsj1ApU79c8Y2B,215ed153e091e5146cb2e151a78403fa4c0b91034db6a1d3f0291f454d272009,ok,200,application/json,data/input/governance/anchors/gov_action1f9da8n2yaf4updxzmwc7fnw8ug2gwnpvqays5n3yw6nz0mu3z2qqq6ggge9-20260326T060056Z.bin,0437168b2e532cf33dabc4bb0615770e571c78b4972f75d6a148f40d6c5bda31,2448,2026-03-26T06:00:56Z,
gov_action1n5sn54mgf47a7men2ryq6ppx88kta4wvenz2qkl4f9v6ppje8easqxwm88m,https://ipfs.io/ipfs/QmP9iDuML2VmoFigTJifBj87LxZ3DNnREyU27DE1MrpZDg,b3dc422b419a0e7beee4bf594bcfd344d87e2dc593d0fef5eb1fd218c0a6137b,ok,200,application/json,data/input/governance/anchors/gov_action1n5sn54mgf47a7men2ryq6ppx88kta4wvenz2qkl4f9v6ppje8easqxwm88m-20260326T060057Z.bin,76b67242f9cf20ddb42d49b53c0121df1cd9e44cd6d4442e575be02823adfb50,19927,2026-03-26T06:00:57Z,
gov_action1vrkk4dpuss8l3z9g4uc2rmf8ks0f7j534zvz9v4k85dlc54wa3zsqq68rx0,https://ipfs.io/ipfs/bafkreifw3qs7brjn4tdvyprnh2r343oerbdghasp5ws6ro55frbpll3dta,d2f633b044f33117ace7cde8c045fcc930060a6dbdd083f7491148a86a3c5ebd,ok,200,application/json,data/input/governance/anchors/gov_action1vrkk4dpuss8l3z9g4uc2rmf8ks0f7j534zvz9v4k85dlc54wa3zsqq68rx0-20260326T060103Z.bin,b6dc25f0c52de4c75c3e2d3ea3be6dc4884663824feda5e8bbbd2c42f5af6398,24678,2026-03-26T06:01:03Z,
gov_action1u9x73kwufaxa70lfy59g4ynwyrcsaxdcd0gxzzmh67s9fxq4j8hqqk2phgh,https://ipfs.io/ipfs/bafkreibeajhkes7bxjlkghkingcgltqcwazz2ya5oknveqwt5nont7tg6u,b95d8f8e324e9863905f16dbad94c1f25b28b933ae842e6f8ce9841c8da5b197,ok,200,application/json,data/input/governance/anchors/gov_action1u9x73kwufaxa70lfy59g4ynwyrcsaxdcd0gxzzmh67s9fxq4j8hqqk2phgh-20260326T060103Z.bin,24024ea24be1ba56a31d48698465ce02b0339d601d729b5242d3eb5cd9fe66f5,15118,2026-03-26T06:01:03Z,
gov_action1vdlrcftd48qn2zz8egepr6xyfcmxpfz8r69k769gc5mhg662adesq9yy8pl,https://ipfs.io/ipfs/bafkreieu47jw2qoxmqz67qyhhj4pi7fssuth5s4mm42qleqtw5tuzs3pgu,ec7179c11582daa390e6d0c3f3cc46b0116d96aadcc74e02aa8d8e91434ab7af,ok,200,application/json,data/input/governance/anchors/gov_action1vdlrcftd48qn2zz8egepr6xyfcmxpfz8r69k769gc5mhg662adesq9yy8pl-20260326T060104Z.bin,94e7d36d41d76433efc3073a78f47cb295267ecb8c6735059213b7674ccb6f35,3182,2026-03-26T06:01:04Z,
gov_action1mmalzkcxpyn33t05hml2hxpwq0ffv6uu4mhe8sv7guz5nmm4afysqlmepzl,https://most-brass-sun.quicknode-ipfs.com/ipfs/QmaWrgqcQS7jYyLYFpvBiamZ4mCoeasL78qaPASDaJ6dT3,4a4c99645a68d29eab6615ac71191cc92c745f92f97cdaf47890be1bad7487a7,ok,200,application/json,data/input/governance/anchors/gov_action1mmalzkcxpyn33t05hml2hxpwq0ffv6uu4mhe8sv7guz5nmm4afysqlmepzl-20260326T060104Z.bin,cf9aa8dbd58d3c61cc6c04f40fefce17e62470338602224dc6f90c83a5151486,11051,2026-03-26T06:01:04Z,
gov_action1h4ygjv0hjfj3lmafcm76rpdzcm8vsvj9k5wejn3npyxwxm3fesnqqw9kxxz,https://ipfs.io/ipfs/bafkreibqma7t2k4rcywvx5afukahhi3dp2so2ugh7t4ljuawhanvk7sr34,7d2f344f3651a8372ad603abf11fcb310fb3c5154a6592591d1ff97d951156e3,ok,200,application/json,data/input/governance/anchors/gov_action1h4ygjv0hjfj3lmafcm76rpdzcm8vsvj9k5wejn3npyxwxm3fesnqqw9kxxz-20260326T060104Z.bin,30603f3d2b91162d5bf405a28073a3637ea4ed50c7fcf8b4d016381b557e51df,19026,2026-03-26T06:01:04Z,
gov_action1fpqwxp2kxvnntr8hpkh9q9djm78ccdww7qlhg5safugh4stmcwzqql5lauu,https://raw.githubusercontent.com/theeldermillenial/2025-liquidity-budget/df0b26d8796b19b566008ea9eaa8f17fef2cb6d4/info.jsonld,97df3a30b767ee5b8e2b9fde824d91d3366985243ed73c06b257c2163f9045db,ok,200,text/plain; charset=utf-8,data/input/governance/anchors/gov_action1fpqwxp2kxvnntr8hpkh9q9djm78ccdww7qlhg5safugh4stmcwzqql5lauu-20260326T060104Z.bin,49680fbb9f3c4426bf81bd1c6d8c6f6a40a888984c114ad1456ff9172d337a9b,18150,2026-03-26T06:01:04Z,
gov_action10k0unljvaej0kd89w7pn0zkgdx59c7xkl0x5q78dzvdtd73u0kmqq5xl5y5,https://most-brass-sun.quicknode-ipfs.com/ipfs/QmRrGsZsP5R7cFYFzPXQ9vS2Ux7oTXb1ep1EciLdKqeDWY,30f03001e623d61ae782efe922b21ef79c4a1d06b258fd773d9c762d1a42d9b9,ok,200,application/json,data/input/governance/anchors/gov_action10k0unljvaej0kd89w7pn0zkgdx59c7xkl0x5q78dzvdtd73u0kmqq5xl5y5-20260326T060104Z.bin,53343f70f194f2cb2ba0952275d66898987c0e5be09cf117b05aca743be3e70d,5360,2026-03-26T06:01:04Z,
gov_action1nd3t833j7v5sz65k3tp9yyvztw60sjcjgcgjr37682s3m7frwrusqmd2k80,https://ipfs.io/ipfs/bafkreiaqno22swabd3kcqt2awtgwaucdzaagacoemxwadm3exrchhnfite,973452e7c4d204c883c6a9e4c311f72ad6237e827ce05e141f3374c8a04f01bc,ok,200,application/json,data/input/governance/anchors/gov_action1nd3t833j7v5sz65k3tp9yyvztw60sjcjgcgjr37682s3m7frwrusqmd2k80-20260326T060104Z.bin,106bb5a958011ed4284f40b4cd605043c8006009c465ec01b364bc4473b4a899,7808,2026-03-26T06:01:04Z,
gov_action10ueqgzwenxr39le68n0se9peu92r7gm2846xwehh3u0ahc0qd0uqqyljxu5,https://raw.githubusercontent.com/blockchainada/ga/refs/heads/main/ga01.jsonld,a2fa375274a2c5efa985a1e9811f27ea1ebf8b8dd88cdf9931a5aa856c73832a,ok,200,text/plain; charset=utf-8,data/input/governance/anchors/gov_action10ueqgzwenxr39le68n0se9peu92r7gm2846xwehh3u0ahc0qd0uqqyljxu5-20260326T060104Z.bin,9beb2a30be85adbeb937ecb310eaae1c47f308fff500ffede072bfffd9aae51d,6538,2026-03-26T06:01:04Z,
gov_action12meeq4r43udremwpm6fzt4nt7fctvt0ah7798x036m2r4nhlccmqqhmr9wx,https://ipfs.io/ipfs/bafkreiada4nn5eaezg43esieduks6l57vzkjdo2yfby7yxv6jrat7ilrdq,b160033b47dfc31885c297c55ba6b68afaf7561da3070eced93d84ad70d8f5b3,ok,200,application/json,data/input/governance/anchors/gov_action12meeq4r43udremwpm6fzt4nt7fctvt0ah7798x036m2r4nhlccmqqhmr9wx-20260326T060104Z.bin,03071ade9004c9b9b249041d152f2fbfae5491bb582871fc5ebe4c413fa1711c,5085,2026-03-26T06:01:04Z,
gov_action1js2s9v92zpxg2rge0y3jt9zy626he2m67x9kx9phw4r942kvsn6sqfym0d7,https://ipfs.io/ipfs/QmcKQggcpouuhAAvUYGDzoKgMwbZSkWqiEeE6c67SJ3kEq,9b2438f0032a0c24ed62d12d6bdb79b47e2bd0c4d2dd4f4936c055ead7109caf,ok,200,application/json,data/input/governance/anchors/gov_action1js2s9v92zpxg2rge0y3jt9zy626he2m67x9kx9phw4r942kvsn6sqfym0d7-20260326T060104Z.bin,b0940731e32f2ebf0d38228f0e9612c4646ff0fac94a8ffe0ebce68489509b55,11778,2026-03-26T06:01:04Z,
gov_action133jnaewfsq8x6v08ndd87l2yqryp63r30t2dkceacxx5cply5n7sqzlcyqf,https://ipfs.io/ipfs/bafkreiehcekhhsq34ccezwn46brg3euj6tbs4g4yjkav34ukqvbnzaya2a,d085e5af96521ae2670400e76c3a1e4b4eb902139ddaa83bde7580e7e9d7ddec,ok,200,application/json,data/input/governance/anchors/gov_action133jnaewfsq8x6v08ndd87l2yqryp63r30t2dkceacxx5cply5n7sqzlcyqf-20260326T060105Z.bin,87111473ca1be0844cd9bcf0626d9289f4c32e1b984a815df28a8542dc8300d0,13811,2026-03-26T06:01:05Z,
gov_action1pvv5wmjqhwa4u85vu9f4ydmzu2mgt8n7et967ph2urhx53r70xusqnmm525,https://raw.githubusercontent.com/IntersectMBO/governance-actions/refs/heads/main/mainnet/2024-10-30-hf10/metadata.jsonld,8a1bd37caa6b914a8b569adb63a0f41d8f159c110dc5c8409118a3f087fffb43,ok,200,text/plain; charset=utf-8,data/input/governance/anchors/gov_action1pvv5wmjqhwa4u85vu9f4ydmzu2mgt8n7et967ph2urhx53r70xusqnmm525-20260326T060105Z.bin,0a8b76602147fc1bd9c5789af148b8a8585613a03af060b381ea19726412dde1,18598,2026-03-26T06:01:05Z,
gov_action1llcd7ezdx299xeep9azm4dvsvz7783qfrhykcu3sv2ykl4sewv2qq4myfpk,https://raw.githubusercontent.com/IntersectMBO/governance-actions/refs/heads/main/mainnet/2024-11-19-infohf/metadata.jsonld,93106d082a93e94df5aff74f678438bae3a647dac63465fbfcde6a3058f41a1e,ok,200,text/plain; charset=utf-8,data/input/governance/anchors/gov_action1llcd7ezdx299xeep9azm4dvsvz7783qfrhykcu3sv2ykl4sewv2qq4myfpk-20260326T060105Z.bin,e8cf679dd4d1ae99532ffac8664d593ac441b8cd41247504dd8164f53dfedc77,5202,2026-03-26T06:01:05Z,
gov_action1k2jertppnnndejjcglszfqq4yzw8evzrd2nt66rr6rqlz54xp0zsq05ecsn,https://raw.githubusercontent.com/IntersectMBO/governance-actions/refs/heads/main/mainnet/2024-11-04-ppu/metadata.jsonld,94deb036c455e4064f7ed4162edbdb7d892ad264094df9a26fd61b5b130d100f,ok,200,text/plain; charset=utf-8,data/input/governance/anchors/gov_action1k2jertppnnndejjcglszfqq4yzw8evzrd2nt66rr6rqlz54xp0zsq05ecsn-20260326T060105Z.bin,ee825643af89e390dc1d3230504f9a6e1a3b944ea5e6044ccda702fb50448e8c,15771,2026-03-26T06:01:05Z,
gov_action1286ft23r7jem825s4l0y5rn8sgam0tz2ce04l7a38qmnhp3l9a6qqn850dw,https://raw.githubusercontent.com/IntersectMBO/governance-actions/refs/heads/main/mainnet/2024-10-21-ppu/metadata.jsonld,3e6b1083a637a740d5b84bb6edf1a5119b81440b31ea84907311b6543ebd39eb,http_error,404,,,,0,2026-03-26T06:01:05Z,HTTP Error 404: Not Found
gov_action10lty9xka3unprtvdfrqvcjgsz33sjwhv9p06afqzar8au782trtsq7dhd95,https://raw.githubusercontent.com/bigpey/CardanoGovernance/refs/heads/main/infoAction3.jsonld,e68cba056c70187e475f05317ce54eeade3376d5b744b32f2c60492b4984b4bf,ok,200,text/plain; charset=utf-8,data/input/governance/anchors/gov_action10lty9xka3unprtvdfrqvcjgsz33sjwhv9p06afqzar8au782trtsq7dhd95-20260326T060105Z.bin,75638b44a055d69cda7217007ab7e22b30794c1fd77052fbff03ae789151b051,3803,2026-03-26T06:01:05Z,
gov_action1t87n2vjnavthuggyarerafxx8c7n9mu4c7r96qlfp5uggsjdc8dsqymg588,https://c-ipfs-gw.nmkr.io/ipfs/QmXdfDSSkR8TYBntMT4nuTL9sE9E44FJnpWVpaY8ZTfwjj,d4efa9e0c3d80f5be35def08551eaf5aef17eae832fdb835e5f4b208d98f3dff,ok,200,application/json,data/input/governance/anchors/gov_action1t87n2vjnavthuggyarerafxx8c7n9mu4c7r96qlfp5uggsjdc8dsqymg588-20260326T060105Z.bin,eb4db4d54e2d8651a3d70c0cc191d7732aed9b99e7e312346cb711f570526257,7759,2026-03-26T06:01:05Z,
gov_action1zhuz5djmmmjg8f9s8pe6grfc98xg3szglums8cgm6qwancp4eytqqmpu0pr,https://ipfs.io/ipfs/QmWjcHsrq9kKHZZ7aPPFjqN6wLuxH9d8bcqssmrE7H4cvb,2f98f57c4149fdfed2b73cbd821226fe417ef5ed49d8f836a37b31edf14dea47,ok,200,application/json,data/input/governance/anchors/gov_action1zhuz5djmmmjg8f9s8pe6grfc98xg3szglums8cgm6qwancp4eytqqmpu0pr-20260326T060106Z.bin,848ed97ad351648cd9a6b74bf357efd67fd88ae30d1895aab755ee9580341d99,2018,2026-03-26T06:01:06Z,
