action_id,tx_hash,cert_index,action_type,status,proposed_epoch,expiration_epoch,deposit_lovelace,return_address,anchor_url,anchor_hash,proposer_address,treasury_amount_lovelace,drep_yes_pct,drep_no_pct,drep_abstain_pct,spo_yes_pct,spo_no_pct,spo_abstain_pct,cc_yes,cc_no,cc_abstain,flag_score,first_seen,last_updated
gov_action1k5vwlfrxtyusd2ec37tckd54gjvqn2kd72xj4t6wkkapdv7zfg0qq468n2r,b518efa466593906ab388f978b3695449809aacdf28d2aaf4eb5ba16b3c24a1e,0,InfoAction,active,619,626,100000000000,stake1uyyqmz5ae7ct4f26p4t87y2xrrgu7f3e0cpap66zgcnxu0gl7gy6y,ipfs://QmV9raiDbx8cs5wspNT8EiX5ReusETusVerwQBSrmhrX8N,d03e71df06e67693e6b283a5921b124d9505546accec66872b35254d51bdb656,,,71.0,3.0,2.0,5.0,0.0,0.0,,,,3,2026-03-17T13:00:01.474101+00:00,2026-03-25T09:00:01.426203+00:00
gov_action13qr78nhrhetywapvx2wpm63y9uxpc2dc45zsu9gkncasxqhuhltqqqfu32x,8807e3cee3be5647742c329c1dea242f0c1c29b8ad050e15169e3b0302fcbfd6,0,TreasuryWithdrawals,active,618,625,100000000000,stake1uyyqmz5ae7ct4f26p4t87y2xrrgu7f3e0cpap66zgcnxu0gl7gy6y,ipfs://QmPXYnQ65EuKCVPrWfDqFZmiF8Y4PzxZ87XrGs6UaMkNru,6dbc26337a16d950ae3704b0f88ed1e39b8aceb6a28d497ce73c357340d45d90,,50000000000000,47.0,26.0,5.0,0.0,0.0,0.0,,,,4,2026-03-13T01:00:01.463867+00:00,2026-03-25T13:00:02.009603+00:00
gov_action1uhzd06a26qavzflvrx3gvcz6rzxkl6su2ns8t3seef5e8dl6nlgsqcgtufg,e5c4d7ebaad03ac127ec19a286605a188d6fea1c54e075c619ca6993b7fa9fd1,0,TreasuryWithdrawals,active,617,624,100000000000,stake1uy7g5hkuaqtdmlv0zzgy3rhnjlrh8va0lchhwrlcuyxyxeq4r5k0w,https://raw.githubusercontent.com/theeldermillenial/2025-liquidity-budget/f824da7f0c2dbab15e324d1736a967de87d34f7d/w1.jsonld,2b6d10884910aba1478c7e9b94207e54bd569eaea7262cff71df9d2053668f63,,800000000000,65.0,27.0,11.0,0.0,0.0,0.0,,,,7,2026-03-10T05:00:01.996041+00:00,2026-03-25T13:00:02.009603+00:00
gov_action17dfgtkeufcy945e3ssanqpmn09ft3gezhvepvvg7msmlmaz260dqqjtsmpe,f35285db3c4e085ad331843b3007737952b8a322bb3216311edc37fdf44ad3da,0,TreasuryWithdrawals,active,617,624,100000000000,stake1u8j3j3rjw5tjgyh6w4ezx0z4lglu3ufxsfuev4ndchld6jsdlaaqg,ipfs://bafkreibeffgc4ow5rxbttesgqqe36copa5rejtsw6b4jruwow2p3wahxtq,4e90b2f7bb9044b6dcbe1209bc8aa4573101651468c60ab2c3b73535afa5741d,,6900000000000,54.0,54.0,7.0,0.0,0.0,0.0,,,,4,2026-03-07T02:00:01.215489+00:00,2026-03-25T13:00:02.009603+00:00
gov_action1a95na44kgedjk3k64ajpfp4p9d9jj3sgzc6tt9nmnkvgj7c9nraqq7g4d2u,e9693ed6b6465b2b46daaf641486a12b4b2946081634b5967b9d98897b0598fa,0,InfoAction,active,616,623,100000000000,stake1uyvjdz9rxsfsmv44rtk75k2rqyqskrga96dgdfrqjvjjpwsefcjnp,ipfs://bafkreidkxk3akjqukgyuxp65g2pesfbhk2miepg7cd6tq7u2hujxmxqzvu,34f05fe67c8f4172ac5e955c20c8204d37a3f5b2561038d199f4f626a32db6cf,,,97.0,22.0,4.0,20.0,1.0,0.0,,,,0,2026-03-05T18:00:02.034456+00:00,2026-03-25T13:00:02.009603+00:00
gov_action19uhuy5uame2s60yrh6n8cyds8ps5q7tkh05dqlzmpcfy429p9w4qq5ll3g0,2f2fc2539dde550d3c83bea67c11b03861407976bbe8d07c5b0e124aa8a12baa,0,TreasuryWithdrawals,active,614,621,100000000000,stake1uyyule028w4c2xy2rzsnzs22v4cvav3aljm5z76kz9hc9asxy4qq9,ipfs://bafkreicshobgfe6o6siinj6ym4yxpz4dyyf3dqfex3w42htfvhpdn6msfu,c5604e100bd27b04f620d38b0389ad7687da9e1fd5f602f5372157fd0e78adce,,900000000000,136.0,16.0,8.0,0.0,0.0,0.0,,,,7,2026-02-23T18:00:01.850400+00:00,2026-03-25T13:00:02.009603+00:00
gov_action1mldvtys6ketjg87wtpvr6cd77kdrd8sp62a8sxgadhmxx2s8lh7sqp2qedq,dfdac5921ab657241fce58583d61bef59a369e01d2ba78191d6df6632a07fdfd,0,ParameterChange,active,612,619,100000000000,stake1uy5mx9230r5c0a8tp69kpw6773ycm9spghazx9t8gnyfzgs8ymlec,ipfs://bafkreigmd7xasljkmisbal5pu2xcqolr2fkre4jnlllgqrof4wctadxa7m,8fd434526d3b799ffe1f8ffb4d3373b9445f1e6bf8bcc3a6c4acb9b82f2daacf,,,38.0,55.0,6.0,0.0,0.0,0.0,,,,0,2026-02-10T06:00:01.815720+00:00,2026-03-25T13:00:02.009603+00:00
gov_action1wwjwkg2g0qwr0mehey9r8gwn6qz3r28wl6wdl2s75kfmpy8j87tqqtft9tp,73a4eb2148781c37ef37c90a33a1d3d00511a8eefe9cdfaa1ea593b090f23f96,0,InfoAction,active,611,618,100000000000,stake1u8xerev3mf0ntcjed0549rg8paqd8s5vrpk0klvxzgu048s89edrf,ipfs://bafkreid7tr5uotr4bp2jp54q7lbm5p5eldncuahprj53msy6kqgjscyrdu,4e264b46f948da4a1917be590d14f10f9e36372075fd11561669180747c0588b,,,118.0,42.0,13.0,30.0,2.0,21.0,,,,3,2026-02-09T18:50:25.950966+00:00,2026-03-25T09:00:01.426203+00:00
gov_action1fvgw27fjpr9c7g582mszzyez0jgkqgjgatzdnyngrg8wwc9kcn3qqxtz8r7,4b10e5793208cb8f228756e02113227c91602248eac4d992681a0ee760b6c4e2,0,TreasuryWithdrawals,active,607,614,100000000000,stake1uy7g5hkuaqtdmlv0zzgy3rhnjlrh8va0lchhwrlcuyxyxeq4r5k0w,https://raw.githubusercontent.com/theeldermillenial/2025-liquidity-budget/refs/heads/master/withdrawal-1/data.jsonld,a92807ed4dcf4817d6ae0c87b6bf5815b2baf3aef52609f51bc4bdb402f6429c,,500000000000,127.0,44.0,24.0,0.0,0.0,0.0,,,,7,2026-02-09T18:50:25.950966+00:00,2026-03-25T13:00:02.009603+00:00
gov_action1cgdsp7g0rr7wgqp7maptpvx525fxuqwfgm5qe3f5r20ew5x2772sq0m5y83,c21b00f90f18fce4003edf42b0b0d455126e01c946e80cc5341a9f9750caf795,0,ParameterChange,active,606,613,100000000000,stake1uyvjdz9rxsfsmv44rtk75k2rqyqskrga96dgdfrqjvjjpwsefcjnp,ipfs://bafkreifwx5z25x6bh5vcwgvzrajy7qlgisukglywjjduwfsrsnp752pqca,f7e237031c174ba58190950350cc8c3ed940d4268bcc75e7f29080370ad34a55,,,224.0,4.0,6.0,0.0,0.0,75.0,,,,3,2026-02-09T18:50:25.950966+00:00,2026-03-25T13:00:02.009603+00:00
gov_action13pzmlsmmktmfareqpl3gzj9nm63ugwvmp3y7urkjhd8rf89tn6msq95mp3f,8845bfc37bb2f69e8f200fe28148b3dea3c4399b0c49ee0ed2bb4e349cab9eb7,0,InfoAction,active,606,613,100000000000,stake1uyvjdz9rxsfsmv44rtk75k2rqyqskrga96dgdfrqjvjjpwsefcjnp,ipfs://bafkreiaaevieqcufh6or65xtva2r2txy2tre45p4vlesfz5l3l5kpd6djm,25dcffe8d87e955b1637272b3650907e2cd9af7c914c1f6600c88ad97adc2469,,,198.0,2.0,10.0,86.0,0.0,0.0,,,,0,2026-02-09T18:50:25.950966+00:00,2026-03-25T13:00:02.009603+00:00
gov_action1m3xx08yv788vfxqh6nfvrjtvmqpwezsy0ggaczctkyjmttc2wmxsq4jsr7q,dc4c679c8cf1cec49817d4d2c1c96cd802ec8a047a11dc0b0bb125b5af0a76cd,0,InfoAction,expired,605,612,100000000000,stake1uyvjdz9rxsfsmv44rtk75k2rqyqskrga96dgdfrqjvjjpwsefcjnp,ipfs://bafkreidpcmogdet4beysyxq4u7l2qywplbfnahudyevqjcu2yxiceurn3u,ed54ad31d48602ce7c30eba13c209c71dcb63d6eb9906345a3367acec65175ad,,,125.0,31.0,10.0,51.0,1.0,3.0,,,,3,2026-02-09T18:50:25.950966+00:00,2026-03-25T13:00:02.009603+00:00
gov_action15ce4qnwug759939wqv782pvh6qg68khspg8kh02gmex99mcsytwqqqr7jkr,a633504ddc47a852c4ae033c750597d011a3daf00a0f6bbd48de4c52ef1022dc,0,InfoAction,expired,603,610,100000000000,stake1u98py2aurukenuwgt78znz7jr90j3jkwfxeh2t7zlge6z8clpduxn,ipfs://QmP25wNHBBh62eRUBnRbvpXz2DFJ5aQBgbqMq27zpHXNjs,e3c9095166ee0a62a5b251b605f5316e1e585b993fbb9af5dece15893349c387,,,37.0,114.0,18.0,2.0,5.0,22.0,,,,3,2026-02-09T18:50:25.950966+00:00,2026-03-25T13:00:02.009603+00:00
gov_action1jxne7hynfd7frcczwumd2eggps4kvy0msjztz9t0mutpy870ksgqqp6vp3p,91a79f5c934b7c91e3027736d565080c2b6611fb8484b1156fdf16121fcfb410,0,NewConstitution,ratified,601,608,100000000000,stake1uy5mx9230r5c0a8tp69kpw6773ycm9spghazx9t8gnyfzgs8ymlec,ipfs://bafkreigxpweqv2rnh7ajt5hzdq6gikogmaq3nbyof5uvdntc4hkg52ghqy,6c5645b67cca1f39323984f97ea2d5f5a68423c592407e241b0637e26d244591,,,157.0,24.0,13.0,0.0,0.0,0.0,,,,3,2026-02-09T18:50:25.950966+00:00,2026-03-25T13:00:02.009603+00:00
gov_action18fd7jwa06fksmwumlcvlft8v4guvaa672qsp6xgenekvs4kmvcqsq8cqks4,3a5be93bafd26d0dbb9bfe19f4acecaa38cef75e50201d19199e6cc856db6601,0,InfoAction,expired,601,608,100000000000,stake1uyvjdz9rxsfsmv44rtk75k2rqyqskrga96dgdfrqjvjjpwsefcjnp,ipfs://bafkreifxxz6n33l5umvgxdoxzp35gsnbzvi63slmeqnwg3pj4gsrwnzr4e,4fbbbd12cf0f2a4be498627a5c99d95762690eb57e276089f5d646877f95cf59,,,152.0,26.0,17.0,47.0,0.0,0.0,,,,0,2026-02-09T18:50:25.950966+00:00,2026-03-25T13:00:02.009603+00:00
gov_action1aw809r9gpk7eemt02alszw7lceyf0505uvntavm62rakkckr3nxsqd54zm8,eb8ef28ca80dbd9ced6f577f013bdfc64897d1f4e326beb37a50fb6b62c38ccd,0,NewCommittee,expired,600,607,100000000000,stake1ux0c30wl03hhvdjgxp55asvjrqgqf3yay4lyxggz595h74ctf9x2k,ipfs://Qme6n18tBndukAbRyvHc6MMj8WrjsBnppYvTAmsm3SHa4y,84e66f959fdecfd86708a5e9cad50b24bcf2da97186182abedd2aa046447a4b2,,,132.0,31.0,15.0,194.0,0.0,8.0,,,,10,2026-02-09T18:50:25.950966+00:00,2026-03-25T13:00:02.009603+00:00
gov_action1lqun78lcznfa2gek49m3ydslakfnm8heargfp8sax9fk54yl6ghsqp042zv,f8393f1ff814d3d52336a97712361fed933d9ef9e8d0909e1d31536a549fd22f,0,TreasuryWithdrawals,ratified,599,606,100000000000,stake1uyvjdz9rxsfsmv44rtk75k2rqyqskrga96dgdfrqjvjjpwsefcjnp,ipfs://bafkreiecqskxkmakkrzrs2xs2olh5jcwbuz5qr5gesp6merwcaydcaojiq,1ff4e21156b94a8609545f96e68f005fcd1bf4c790fb6f613b7f8e49e1e71da6,,70000000000000,196.0,10.0,5.0,0.0,0.0,0.0,,,,4,2026-02-09T18:50:25.950966+00:00,2026-03-25T13:00:02.009603+00:00
gov_action1fk4nx9zhkcdcyjaudwjtnkd7gagwyhqtth2zypawkc78gvdxkuzqqtvqdkv,4dab331457b61b824bbc6ba4b9d9be4750e25c0b5dd42207aeb63c7431a6b704,0,NewCommittee,ratified,599,606,100000000000,stake1uyvjdz9rxsfsmv44rtk75k2rqyqskrga96dgdfrqjvjjpwsefcjnp,ipfs://bafkreibqxuceexlhali4nhqo7tvsdzrcndzr775pv7wfsdq2lbxtyk4emu,7580221cf917c3ec6c1fe0ddf7a518f7e9fd357bbe1528b6a24e91b1bba90797,,,173.0,1.0,1.0,321.0,0.0,0.0,,,,3,2026-02-09T18:50:25.950966+00:00,2026-03-25T13:00:02.009603+00:00
gov_action169kllwhfmp488je5x5rwvufd08p8sztdcf0ghf5sp6ey2gnjdwaqql47xry,d16dffbae9d86a73cb343506e6712d79c278096dc25e8ba6900eb24522726bba,0,InfoAction,expired,597,604,100000000000,stake1ux0c30wl03hhvdjgxp55asvjrqgqf3yay4lyxggz595h74ctf9x2k,ipfs://Qmeme8EWugVPQeVghpqB53nvG5U4VT9zy3Ta545fEJPnqL,25b56befe5ef4e472e3020b81162b4076f4e274f68fcdacb2ec686ca6197771e,,,221.0,6.0,1.0,32.0,0.0,0.0,,,,10,2026-02-09T18:50:25.950966+00:00,2026-03-25T13:00:02.009603+00:00
gov_action13a2dqgwxum7d6kjfprcs57cf9733ek2dkt5qnuhqd4ll5ntcwu7sqluwkxd,8f54d021c6e6fcdd5a4908f10a7b092fa31cd94db2e809f2e06d7ffa4d78773d,0,InfoAction,expired,597,604,100000000000,stake1uxq8hyxek4nvl227wjvrdm0h000sjgraczp92c07l0wr56g05k4la,ipfs://bafkreicbxui5lbdrgcpjwhlti3rqkxfnd3vveiinkcu2zak5bny435w4yq,fec4cec86fe2c537c5f50c54dce3a200191d34c2330c2586792429aeeb05dc53,,,267.0,10.0,7.0,58.0,0.0,1.0,,,,3,2026-02-09T18:50:25.950966+00:00,2026-03-25T13:00:02.009603+00:00
gov_action1x2zm0lgd59kjrc9clzgscdlh0ct62l8llr638h6t4a5jj4yqzzyqq2dgc7q,3285b7fd0da16d21e0b8f8910c37f77e17a57cfff8f513df4baf692954801088,0,InfoAction,expired,590,597,100000000000,stake1u8453de8xhhqa9c4ftvylkke8we84tmaq5hz75qwfgaaf2qac45ja,https://most-brass-sun.quicknode-ipfs.com/ipfs/QmR7khTUdWyQFdNvyXDsuyZLUNsdfm7Ejo9wKfKdRE3ReG,78c5d369af0bd488807d9bd15bf19c13e2cc063e96bd4ab17ed7f8a57a8ba1ba,,,158.0,13.0,12.0,16.0,0.0,0.0,,,,3,2026-02-09T18:50:25.950966+00:00,2026-03-25T09:00:01.426203+00:00
gov_action1q0m8z7glm9cprucwf44hdjdfra8khnakpm3hu5ueh929hvljw4aqqzuxfxz,03f671791fd97011f30e4d6b76c9a91f4f6bcfb60ee37e5399b9545bb3f2757a,0,TreasuryWithdrawals,ratified,590,597,100000000000,stake1uy5wxkqpezym2esqkgvw9yyqyd0rzuhkm206q6cddcxtqjgehj9ty,ipfs://bafkreidl43ghacdpczaims63glq5kepaa63d63cr5mrpznv56jdm7e2eny,2c630b0662c474e69d40bae4a0619d6bf4947e3d6edc8e53c891b427299fbf10,,5000000000000,151.0,38.0,20.0,0.0,0.0,0.0,,,,7,2026-02-09T18:50:25.950966+00:00,2026-03-25T13:00:02.009603+00:00
gov_action15dh2lt4qskmhl97vat8s0l552ruvddrlasa0jndg7lg43g0uju3qq78hvja,a36eafaea085b77f97cceacf07fe9450f8c6b47fec3af94da8f7d158a1fc9722,0,InfoAction,expired,590,597,100000000000,stake1uy00pmq39g78x5u4v677dd4tusdm0yv3cxa2d8klevzcrusqrj9v6,https://ipfs.io/ipfs/QmeMvA4j38n46hye724etsdUoUMzQ3T9bvmHMJUtNRf9ps,235613f1d231e9a877eab4599f2d6a693d8cb279e2bc9c94c5f42f53750a34f9,,,169.0,24.0,11.0,15.0,0.0,0.0,,,,0,2026-02-09T18:50:25.950966+00:00,2026-03-25T13:00:02.009603+00:00
gov_action16f69yf2f35w9ds8sr05ewyr55jg5f439mu8882rv295fvf8m4kcqql7y6nc,d2745225498d1c56c0f01be9971074a49144d625df0e73a86c51689624fbadb0,0,InfoAction,expired,589,596,100000000000,stake1ux0c30wl03hhvdjgxp55asvjrqgqf3yay4lyxggz595h74ctf9x2k,ipfs://QmZdZ387ZfcDwQ4YYSPAvWX42gX1w8nGPdhbwk7gxTtNBE,a1eb9dd13a5ca3f009a261ddc07575190f98a42b94d180815fb5f2c0805b907c,,,48.0,105.0,27.0,2.0,1.0,12.0,,,,0,2026-02-09T18:50:25.950966+00:00,2026-03-25T13:00:02.009603+00:00
gov_action1ezp0r9rgf4njx93p9uq7l3kjs9m739jm0ntf26vplcmucec4jc0qqxjlfrc,c882f194684d672316212f01efc6d28177e8965b7cd6956981fe37cc6715961e,0,NewConstitution,expired,586,593,100000000000,stake1uy5mx9230r5c0a8tp69kpw6773ycm9spghazx9t8gnyfzgs8ymlec,ipfs://bafkreig4ural237c4gczp4srzygsmlaquiibixiskus2lwy4a6vilivgiy,bbdd72333d18e36283ef8cfd8959a9382c90a1fd864845ed62120882455aa8fb,,,173.0,29.0,10.0,0.0,0.0,0.0,,,,3,2026-02-09T18:50:25.950966+00:00,2026-03-25T13:00:02.009603+00:00
gov_action16tdkp3fs0j6303e4utgp8rftdug0ckezr4sslgv8wxdaeq40ngpsq5sr06h,d2db60c5307cb517c735e2d0138d2b6f10fc5b221d610fa187719bdc82af9a03,0,TreasuryWithdrawals,expired,584,591,100000000000,stake1uyvjdz9rxsfsmv44rtk75k2rqyqskrga96dgdfrqjvjjpwsefcjnp,ipfs://bafkreihju7a6zywpv3adaeeg4nnyrkewurng5csavsspmqsgikzg2suhry,e2ed7354990674f1087cb3672f0418ed2dde4f7cad3190992cea0448d5ca5bc9,,1150000000000,142.0,37.0,11.0,0.0,0.0,0.0,,,,4,2026-02-09T18:50:25.950966+00:00,2026-03-25T13:00:02.009603+00:00
gov_action1n9hdlcmshrj3hee4g8n4fxdgrprpxp0r03l6psd3j0evtpck0nrsqm57age,996edfe370b8e51be73541e75499a818461305e37c7fa0c1b193f2c587167cc7,0,InfoAction,expired,583,590,100000000000,stake1u8celwsxc9nxax046typ69u0wpvhzrzyv0n48ryg7plhk6sqvt5gn,ipfs://bafkreigc2vumhgcgfuouuk5ndom4dg3yxncuhdcsyirbkybggd5bv47sve,19581423957b0f155170d04e8654374e205ab0e95ffa3a05c84b55ccc5deac70,,,55.0,39.0,43.0,0.0,0.0,1.0,,,,3,2026-02-09T18:50:25.950966+00:00,2026-03-25T13:00:02.009603+00:00
gov_action1u4jrcvlkppjzuv5j9z5ksacwtvv77h6glu0knpcjut8gvjjfu0cqqt3alsy,e5643c33f608642e329228a968770e5b19ef5f48ff1f698712e2ce864a49e3f0,0,InfoAction,expired,582,589,100000000000,stake1uy7g5hkuaqtdmlv0zzgy3rhnjlrh8va0lchhwrlcuyxyxeq4r5k0w,ipfs://bafkreihk5qt5tgbojnno7eymbm2urm6y6jkt4yqfxdzh3agnj47zuv7lpe,0e219503c6731b471ed8e5b21165a25cb5aa7fcc585277abad5d0a84251b3168,,,199.0,23.0,12.0,3.0,0.0,1.0,,,,3,2026-02-09T18:50:25.950966+00:00,2026-03-25T13:00:02.009603+00:00
gov_action1jr84r96lnsvu9yd6c0jhxe9gj5r7vnd2pgkntc6klplxdpyzz4tqqc9uldx,90cf51975f9c19c291bac3e57364a89507e64daa0a2d35e356f87e6684821556,0,InfoAction,expired,580,587,100000000000,stake1uy5wxkqpezym2esqkgvw9yyqyd0rzuhkm206q6cddcxtqjgehj9ty,ipfs://bafkreiegpigegytetkwrqhftqphcqjkammmjipwq2d57s6xkfbtxiq3tei,79e4b2c345da31819fad30408f6eebaee352dff03adbb1a3fd9f15187f5c7e57,,,163.0,64.0,17.0,3.0,5.0,0.0,,,,3,2026-02-09T18:50:25.950966+00:00,2026-03-25T13:00:02.009603+00:00
gov_action13836fuy3yttxn4hkeqka398q9qnwsjtmul4sxc3nht7qae8uvejsqm7ukh8,89e3a4f09122d669d6f6c82dd894e02826e8497be7eb036233bafc0ee4fc6665,0,InfoAction,expired,579,586,100000000000,stake1u8453de8xhhqa9c4ftvylkke8we84tmaq5hz75qwfgaaf2qac45ja,https://most-brass-sun.quicknode-ipfs.com/ipfs/QmTRrewK9MzARcCSYNFwmqizjFpMRK2kZhe9R6NJU4XHwJ,103ff312c9aa10e80ac8c2b572e1c0a33975f22441b0a14d09bcbbb2310b11eb,,,47.0,94.0,33.0,1.0,7.0,0.0,,,,0,2026-02-09T18:50:25.950966+00:00,2026-03-25T13:00:02.009603+00:00
gov_action1ypajyms3pcfmkx93r87dxy6jpc8u6pst90ylhxj7t0rwjj43puasq0x9jrw,207b226e110e13bb18b119fcd313520e0fcd060b2bc9fb9a5e5bc6e94ab10f3b,0,NewConstitution,expired,574,581,100000000000,stake1uy5mx9230r5c0a8tp69kpw6773ycm9spghazx9t8gnyfzgs8ymlec,ipfs://bafkreig4vjv636y7yhc3va6u4u6euluzs7wxwas5ntwqrvyzafjnnbcsgu,37669749785f79cb3eb5005779095fbd733156bdaf9e20e55f7d233cb5946874,,,160.0,53.0,25.0,0.0,0.0,0.0,,,,3,2026-02-09T18:50:25.950966+00:00,2026-03-25T13:00:02.009603+00:00
gov_action1r44w54hx553mz0sr4cc07f8tlxzj2sa57l2pt3l9pa2ldw42fc7sq5q3rtn,1d6aea56e6a523b13e03ae30ff24ebf9852543b4f7d415c7e50f55f6baaa4e3d,0,TreasuryWithdrawals,expired,573,580,100000000000,stake1uy5wxkqpezym2esqkgvw9yyqyd0rzuhkm206q6cddcxtqjgehj9ty,https://raw.githubusercontent.com/snekadmin/Public/refs/heads/main/data_final.jsonld,2c6f7b5ff6456abf209329c4ce8b72e978722144ef67a60950f684cc8a2a7c0f,,5000000000000,22.0,154.0,23.0,0.0,0.0,0.0,,,,7,2026-02-09T18:50:25.950966+00:00,2026-03-25T13:00:02.009603+00:00
gov_action1g7sw0f8e8qa34lppj2erksvzf4j6e9udwaq6efslc8apdqeazygsq2spyyt,47a0e7a4f9383b1afc2192b23b41824d65ac978d7741aca61fc1fa16833d1111,0,NewCommittee,ratified,573,580,100000000000,stake1uyvjdz9rxsfsmv44rtk75k2rqyqskrga96dgdfrqjvjjpwsefcjnp,ipfs://bafkreicw6kinbtfwxygoj4jf7khextfq6a3yirlhkldhd7zizdq4xu2ghm,2b225f65102d3eaffc87a84029237926e391d38fc2edb01b70004815e976339f,,,261.0,5.0,10.0,382.0,5.0,7.0,,,,3,2026-02-09T18:50:25.950966+00:00,2026-03-25T13:00:02.009603+00:00
gov_action1fl6r784t2ffw7q96du2znhprw90r3xvrfugvqelgqewgxex42kdqq9tgrd5,4ff43f1eab5252ef00ba6f1429dc23715e3899834f10c067e8065c8364d5559a,0,TreasuryWithdrawals,expired,573,580,100000000000,stake1uy5wxkqpezym2esqkgvw9yyqyd0rzuhkm206q6cddcxtqjgehj9ty,https://raw.githubusercontent.com/snekadmin/Public/refs/heads/main/data.jsonld,73de17cb7080e0b353c4adf33fa7d0f6b75c12ef1c0bd04f87cc8aa5464b3ef4,,5000000,23.0,151.0,22.0,0.0,0.0,0.0,,,,7,2026-02-09T18:50:25.950966+00:00,2026-03-25T13:00:02.009603+00:00
gov_action193leqzml768nz7nmpepzx822a5mzyanqhtewaxjtul5gp6uhwvfsqgl2qg0,2c7f900b7ff68f317a7b0e42231d4aed36227660baf2ee9a4be7e880eb977313,0,TreasuryWithdrawals,ratified,570,577,100000000000,stake1uyvjdz9rxsfsmv44rtk75k2rqyqskrga96dgdfrqjvjjpwsefcjnp,ipfs://bafkreibelpp2qzjcpeizeobf57tmhl4q6kauutytdve3mqzzjxzp2jqjxm,f0c794a2c0168a534828149ba95e21ef81bfbc659e1461a28c38cb7fb423fec1,,99600000000,140.0,23.0,6.0,0.0,0.0,0.0,,,,4,2026-02-09T18:50:25.950966+00:00,2026-03-25T13:00:02.009603+00:00
gov_action18nefry4qacd80xzs2srjahxm2e4vz3c8wvrr03rrtk8mdqfuknysq66459t,3cf29192a0ee1a77985054072edcdb566ac14707730637c4635d8fb6813cb4c9,0,TreasuryWithdrawals,ratified,570,577,100000000000,stake1uyvjdz9rxsfsmv44rtk75k2rqyqskrga96dgdfrqjvjjpwsefcjnp,ipfs://bafkreihj3ddbz7c52l2s3klalsf4ux5xqkawktom5v5apfral37hs6kpki,daef7fd77381f73cb8ac592762e4073cf18c756d347aefadc8a5bc32c1383a1b,,45217000000,194.0,23.0,14.0,0.0,0.0,0.0,,,,4,2026-02-09T18:50:25.950966+00:00,2026-03-25T13:00:02.009603+00:00
gov_action13tfag48nf94rtjcdq7c06vhkslmxxw9h6c88sl7q5g5nnewcsvlzzy7m65d,8ad3d454f3496a35cb0d07b0fd32f687f66338b7d60e787fc0a22939e5d8833e,33,TreasuryWithdrawals,ratified,570,577,100000000000,stake1uyvjdz9rxsfsmv44rtk75k2rqyqskrga96dgdfrqjvjjpwsefcjnp,ipfs://bafkreialtiknfumaxc23xjqxs2r4g5qjca3tikopmottieu5iq2sr77b3i,6910800633dc66b84bb36e9ca1b520224ff68cf098e4eec51e621902036f67c3,,199911000000,142.0,15.0,6.0,0.0,0.0,0.0,,,,4,2026-02-09T18:50:25.950966+00:00,2026-03-25T13:00:02.009603+00:00
gov_action13tfag48nf94rtjcdq7c06vhkslmxxw9h6c88sl7q5g5nnewcsvlzyc3clg6,8ad3d454f3496a35cb0d07b0fd32f687f66338b7d60e787fc0a22939e5d8833e,34,TreasuryWithdrawals,ratified,570,577,100000000000,stake1uyvjdz9rxsfsmv44rtk75k2rqyqskrga96dgdfrqjvjjpwsefcjnp,ipfs://bafkreigrw7v6q2wcnbgjd22ev6eepitgaegtkkmhzwmsccfxmejkc3okbm,e6c107cbeebdb4d1130befae9306527fe0e0f7deabaa23259579ef5ec1f1b6e6,,314800000000,133.0,21.0,6.0,0.0,0.0,0.0,,,,4,2026-02-09T18:50:25.950966+00:00,2026-03-25T13:00:02.009603+00:00
gov_action13tfag48nf94rtjcdq7c06vhkslmxxw9h6c88sl7q5g5nnewcsvlzxt5eumh,8ad3d454f3496a35cb0d07b0fd32f687f66338b7d60e787fc0a22939e5d8833e,35,TreasuryWithdrawals,ratified,570,577,100000000000,stake1uyvjdz9rxsfsmv44rtk75k2rqyqskrga96dgdfrqjvjjpwsefcjnp,ipfs://bafkreicjt5d4y7phbqwyhfkmtz75u2nck3is5cuywkcisnmtsuibdrm3li,1d6faf578358ce2f2a2ce53611e23deefe2710f850410d4c75d362b7b710ac8e,,750000000000,162.0,47.0,13.0,0.0,0.0,0.0,,,,4,2026-02-09T18:50:25.950966+00:00,2026-03-25T13:00:02.009603+00:00
gov_action13tfag48nf94rtjcdq7c06vhkslmxxw9h6c88sl7q5g5nnewcsvlzqhm6e8q,8ad3d454f3496a35cb0d07b0fd32f687f66338b7d60e787fc0a22939e5d8833e,32,TreasuryWithdrawals,ratified,570,577,100000000000,stake1uyvjdz9rxsfsmv44rtk75k2rqyqskrga96dgdfrqjvjjpwsefcjnp,ipfs://bafkreigq3zbxymon7of3x4jtn7zrzjk2merntcd54yhvmgsjsduq6h3zwa,05e073547f99696350be0962e120f8af3236b15a36952468055834f97c570d61,,26840000000000,174.0,14.0,9.0,0.0,0.0,0.0,,,,4,2026-02-09T18:50:25.950966+00:00,2026-03-25T13:00:02.009603+00:00
gov_action13tfag48nf94rtjcdq7c06vhkslmxxw9h6c88sl7q5g5nnewcsvlzgf074ea,8ad3d454f3496a35cb0d07b0fd32f687f66338b7d60e787fc0a22939e5d8833e,36,TreasuryWithdrawals,ratified,570,577,100000000000,stake1uyvjdz9rxsfsmv44rtk75k2rqyqskrga96dgdfrqjvjjpwsefcjnp,ipfs://bafkreig4bosl5dfpmtqguybf4yaffkwo5hcaxxy2k7wlbwdl57twojfk2i,82285aab3908be1a26b7c05cc79afce7eae51f895bcc2cbd70333c8d364000fa,,104347000000,129.0,21.0,7.0,0.0,0.0,0.0,,,,4,2026-02-09T18:50:25.950966+00:00,2026-03-25T13:00:02.009603+00:00
gov_action13tfag48nf94rtjcdq7c06vhkslmxxw9h6c88sl7q5g5nnewcsvlqz6d98zp,8ad3d454f3496a35cb0d07b0fd32f687f66338b7d60e787fc0a22939e5d8833e,1,TreasuryWithdrawals,ratified,570,577,100000000000,stake1uyvjdz9rxsfsmv44rtk75k2rqyqskrga96dgdfrqjvjjpwsefcjnp,ipfs://bafkreigt5xy56qjxd7dl2s7u6jxec2cfxevynppvgnnjifc2wawr7md5ha,442b57ebf94db21544475a5dbdfe57f50e648646533d31bfa329c280aebfcfe9,,96817080000000,199.0,6.0,7.0,0.0,0.0,0.0,,,,4,2026-02-09T18:50:25.950966+00:00,2026-03-25T13:00:02.009603+00:00
gov_action13tfag48nf94rtjcdq7c06vhkslmxxw9h6c88sl7q5g5nnewcsvlqyxzxz7k,8ad3d454f3496a35cb0d07b0fd32f687f66338b7d60e787fc0a22939e5d8833e,2,TreasuryWithdrawals,ratified,570,577,100000000000,stake1uyvjdz9rxsfsmv44rtk75k2rqyqskrga96dgdfrqjvjjpwsefcjnp,ipfs://bafkreidgiirfod3axto3xf3nducsao5w4rp6vqrijeh5m6mqgdxotaafbq,8d1c0464f194050638886d250d50900b63761673f6782cdf068ceebaf09624d7,,1300000000000,189.0,13.0,13.0,0.0,0.0,0.0,,,,4,2026-02-09T18:50:25.950966+00:00,2026-03-25T13:00:02.009603+00:00
gov_action13tfag48nf94rtjcdq7c06vhkslmxxw9h6c88sl7q5g5nnewcsvlqx488pdm,8ad3d454f3496a35cb0d07b0fd32f687f66338b7d60e787fc0a22939e5d8833e,3,TreasuryWithdrawals,ratified,570,577,100000000000,stake1uyvjdz9rxsfsmv44rtk75k2rqyqskrga96dgdfrqjvjjpwsefcjnp,ipfs://bafkreicmz5a6ylplflowjdj7vjzp6glt45k2r6mnhwlmzq7kjkl3fvuzeu,6aa8145ce310d9cdd733690a36ec68d017ec3c7f5bad82bfb3cf3792dc4787fc,,424800000000,183.0,15.0,3.0,0.0,0.0,0.0,,,,4,2026-02-09T18:50:25.950966+00:00,2026-03-25T13:00:02.009603+00:00
gov_action13tfag48nf94rtjcdq7c06vhkslmxxw9h6c88sl7q5g5nnewcsvlqwtnrdnx,8ad3d454f3496a35cb0d07b0fd32f687f66338b7d60e787fc0a22939e5d8833e,7,TreasuryWithdrawals,ratified,570,577,100000000000,stake1uyvjdz9rxsfsmv44rtk75k2rqyqskrga96dgdfrqjvjjpwsefcjnp,ipfs://bafkreigjofgwm4qtwn7r3e6nczaxo7jp4fmhzphozrpcuvnx5k2khlbtty,81d30592754fb8e332e5f5457e92107e0cb98c49a176eed4959067fa65989c54,,1161000000000,186.0,12.0,6.0,0.0,0.0,0.0,,,,4,2026-02-09T18:50:25.950966+00:00,2026-03-25T13:00:02.009603+00:00
gov_action13tfag48nf94rtjcdq7c06vhkslmxxw9h6c88sl7q5g5nnewcsvlqvckzwqt,8ad3d454f3496a35cb0d07b0fd32f687f66338b7d60e787fc0a22939e5d8833e,6,TreasuryWithdrawals,ratified,570,577,100000000000,stake1uyvjdz9rxsfsmv44rtk75k2rqyqskrga96dgdfrqjvjjpwsefcjnp,ipfs://bafkreigfhg7nn4pshyogcokcuo7ohpjpw6gaatnm74hum5vungrqwvpxs4,33ee5e233b63202eaee7012a94775a1962655684fb23a1d2fcdef8495b7253b5,,130903000000,166.0,15.0,3.0,0.0,0.0,0.0,,,,4,2026-02-09T18:50:25.950966+00:00,2026-03-25T13:00:02.009603+00:00
gov_action13tfag48nf94rtjcdq7c06vhkslmxxw9h6c88sl7q5g5nnewcsvlqudh2k4c,8ad3d454f3496a35cb0d07b0fd32f687f66338b7d60e787fc0a22939e5d8833e,14,TreasuryWithdrawals,ratified,570,577,100000000000,stake1uyvjdz9rxsfsmv44rtk75k2rqyqskrga96dgdfrqjvjjpwsefcjnp,ipfs://bafkreidlgy2mljdxjknsxzpy6im5xkgsw4ticvwqmgedecs53dzdqhgdlu,225fab3a8600db184858739731afcfbaf3edc68f5605f5cac402070d0e11402a,,11070323000000,127.0,34.0,7.0,0.0,0.0,0.0,,,,4,2026-02-09T18:50:25.950966+00:00,2026-03-25T13:00:02.009603+00:00
gov_action13tfag48nf94rtjcdq7c06vhkslmxxw9h6c88sl7q5g5nnewcsvlqsufvuyl,8ad3d454f3496a35cb0d07b0fd32f687f66338b7d60e787fc0a22939e5d8833e,8,TreasuryWithdrawals,ratified,570,577,100000000000,stake1uyvjdz9rxsfsmv44rtk75k2rqyqskrga96dgdfrqjvjjpwsefcjnp,ipfs://bafkreihqhuiuwdjyukw4ul5obxz656ndyz5najokjhdw7mbdscskyaalfu,ec310bd41bbdf756ad1deca9134e47662d4ae40a8ba5db3f4b694088d5cd17e9,,220914000000,174.0,10.0,5.0,0.0,0.0,0.0,,,,4,2026-02-09T18:50:25.950966+00:00,2026-03-25T13:00:02.009603+00:00
gov_action13tfag48nf94rtjcdq7c06vhkslmxxw9h6c88sl7q5g5nnewcsvlqqfgyy3v,8ad3d454f3496a35cb0d07b0fd32f687f66338b7d60e787fc0a22939e5d8833e,0,TreasuryWithdrawals,ratified,570,577,100000000000,stake1uyvjdz9rxsfsmv44rtk75k2rqyqskrga96dgdfrqjvjjpwsefcjnp,ipfs://bafkreidjnukg5c7u5zlkxaciy4hkxfixvtquhx6uzlqpydvrxormfqpdm4,6611ea5602de95d463ecf28f1c4ca26ad91fe7ed499d0a1594e3c2fd528a2a62,,2162096000000,198.0,8.0,1.0,0.0,0.0,0.0,,,,4,2026-02-09T18:50:25.950966+00:00,2026-03-25T13:00:02.009603+00:00
gov_action13tfag48nf94rtjcdq7c06vhkslmxxw9h6c88sl7q5g5nnewcsvlqkqx0ecg,8ad3d454f3496a35cb0d07b0fd32f687f66338b7d60e787fc0a22939e5d8833e,11,TreasuryWithdrawals,ratified,570,577,100000000000,stake1uyvjdz9rxsfsmv44rtk75k2rqyqskrga96dgdfrqjvjjpwsefcjnp,ipfs://bafkreiedjhlwerulq5qg5tku2qqremf2cf2dguxvktttnjddei3fxct37a,0865ae8cbb9944db8fe55226ddb81870ef2c437e04ad5f960bf1df6d4248a848,,5885000000000,159.0,23.0,5.0,0.0,0.0,0.0,,,,4,2026-02-09T18:50:25.950966+00:00,2026-03-25T13:00:02.009603+00:00
gov_action13tfag48nf94rtjcdq7c06vhkslmxxw9h6c88sl7q5g5nnewcsvlqj0vdlhj,8ad3d454f3496a35cb0d07b0fd32f687f66338b7d60e787fc0a22939e5d8833e,9,TreasuryWithdrawals,ratified,570,577,100000000000,stake1uyvjdz9rxsfsmv44rtk75k2rqyqskrga96dgdfrqjvjjpwsefcjnp,ipfs://bafkreibwg74hpx5vyyixzggxdkunrqy6kdkx2mpp57r6fknkqe7z263omm,544766bf20cf0099532a2c65d58b9a33c6078d8939e14dbfc4c18386d816fb32,,300000000000,162.0,19.0,5.0,0.0,0.0,0.0,,,,4,2026-02-09T18:50:25.950966+00:00,2026-03-25T13:00:02.009603+00:00
gov_action13tfag48nf94rtjcdq7c06vhkslmxxw9h6c88sl7q5g5nnewcsvlqghuqg03,8ad3d454f3496a35cb0d07b0fd32f687f66338b7d60e787fc0a22939e5d8833e,4,TreasuryWithdrawals,ratified,570,577,100000000000,stake1uyvjdz9rxsfsmv44rtk75k2rqyqskrga96dgdfrqjvjjpwsefcjnp,ipfs://bafkreigm5xreg7ezyedhowwecyy2qnue3bfhbw5dex5odmvunddeg5jsem,d09693b720a87b5ea098b64dcd6687ece19cb407d3d38b9a08149199591ce39e,,220914000000,185.0,12.0,6.0,0.0,0.0,0.0,,,,4,2026-02-09T18:50:25.950966+00:00,2026-03-25T13:00:02.009603+00:00
gov_action13tfag48nf94rtjcdq7c06vhkslmxxw9h6c88sl7q5g5nnewcsvlqczags6z,8ad3d454f3496a35cb0d07b0fd32f687f66338b7d60e787fc0a22939e5d8833e,12,TreasuryWithdrawals,ratified,570,577,100000000000,stake1uyvjdz9rxsfsmv44rtk75k2rqyqskrga96dgdfrqjvjjpwsefcjnp,ipfs://bafkreig7hi75t33nvu5t6y4hqf26thdpwvwvqcuzo3o3ehccslrwtf6bwe,35e6ee6e76bc847af8a9731d5341ae697f62485cc1ad946527587663e4ec0862,,578571000000,157.0,20.0,6.0,0.0,0.0,0.0,,,,4,2026-02-09T18:50:25.950966+00:00,2026-03-25T13:00:02.009603+00:00
gov_action13tfag48nf94rtjcdq7c06vhkslmxxw9h6c88sl7q5g5nnewcsvlq77jt4x4,8ad3d454f3496a35cb0d07b0fd32f687f66338b7d60e787fc0a22939e5d8833e,15,TreasuryWithdrawals,ratified,570,577,100000000000,stake1uyvjdz9rxsfsmv44rtk75k2rqyqskrga96dgdfrqjvjjpwsefcjnp,ipfs://bafkreians5wdbxjgttbajinzfrhdxd7q7mzpfahsyyjntcq4xekts4qasu,0274553f9fd998e540d3259081a7c2ef5eafce501606f588676b95d6f0bcc25f,,700000000000,164.0,17.0,5.0,0.0,0.0,0.0,,,,4,2026-02-09T18:50:25.950966+00:00,2026-03-25T13:00:02.009603+00:00
gov_action13tfag48nf94rtjcdq7c06vhkslmxxw9h6c88sl7q5g5nnewcsvlq63cfnf0,8ad3d454f3496a35cb0d07b0fd32f687f66338b7d60e787fc0a22939e5d8833e,13,TreasuryWithdrawals,ratified,570,577,100000000000,stake1uyvjdz9rxsfsmv44rtk75k2rqyqskrga96dgdfrqjvjjpwsefcjnp,ipfs://bafkreienjc55atyjxfy7ij2mthoud6m2um5snifhjvurflfujf4s2sa3le,2c7c141d70a47bbe09bab2d74a777c9bac5e65072b808e56364df23e490e7158,,243478000000,152.0,13.0,10.0,0.0,0.0,0.0,,,,4,2026-02-09T18:50:25.950966+00:00,2026-03-25T13:00:02.009603+00:00
gov_action13tfag48nf94rtjcdq7c06vhkslmxxw9h6c88sl7q5g5nnewcsvlq5nrw6t9,8ad3d454f3496a35cb0d07b0fd32f687f66338b7d60e787fc0a22939e5d8833e,10,TreasuryWithdrawals,ratified,570,577,100000000000,stake1uyvjdz9rxsfsmv44rtk75k2rqyqskrga96dgdfrqjvjjpwsefcjnp,ipfs://bafkreicc2dbqlrkqhahasq2qqho3lry2axt4adrfnamro43m56v5sib7hi,9301895f96b7874146af42202c318f5ba09972a435c33a4897d4c4f9ecc369b5,,600000000000,139.0,32.0,5.0,0.0,0.0,0.0,,,,4,2026-02-09T18:50:25.950966+00:00,2026-03-25T13:00:02.009603+00:00
gov_action13tfag48nf94rtjcdq7c06vhkslmxxw9h6c88sl7q5g5nnewcsvlq2yeptuu,8ad3d454f3496a35cb0d07b0fd32f687f66338b7d60e787fc0a22939e5d8833e,5,TreasuryWithdrawals,ratified,570,577,100000000000,stake1uyvjdz9rxsfsmv44rtk75k2rqyqskrga96dgdfrqjvjjpwsefcjnp,ipfs://bafkreibcranrq3y5eh7pcjuvq2tcmlapfw2pc7x3nazwp5lonx6docoayu,ca11386eb00bb251d30325abf0aeac97aeca08e97efe9bd421450ed25c558cbd,,220914000000,185.0,14.0,5.0,0.0,0.0,0.0,,,,4,2026-02-09T18:50:25.950966+00:00,2026-03-25T13:00:02.009603+00:00
gov_action13tfag48nf94rtjcdq7c06vhkslmxxw9h6c88sl7q5g5nnewcsvlpz4s2af8,8ad3d454f3496a35cb0d07b0fd32f687f66338b7d60e787fc0a22939e5d8833e,17,TreasuryWithdrawals,ratified,570,577,100000000000,stake1uyvjdz9rxsfsmv44rtk75k2rqyqskrga96dgdfrqjvjjpwsefcjnp,ipfs://bafkreiceukwtpmes66twb3axkdmftpg3p5vyfolgcyhkentlbuilc274fq,543eab698dcbf20074c31b7898df8476b48aef779db1117d3b64ca8f224b18a7,,657692000000,129.0,26.0,6.0,0.0,0.0,0.0,,,,4,2026-02-09T18:50:25.950966+00:00,2026-03-25T13:00:02.009603+00:00
gov_action13tfag48nf94rtjcdq7c06vhkslmxxw9h6c88sl7q5g5nnewcsvlpyflfc4s,8ad3d454f3496a35cb0d07b0fd32f687f66338b7d60e787fc0a22939e5d8833e,18,TreasuryWithdrawals,ratified,570,577,100000000000,stake1uyvjdz9rxsfsmv44rtk75k2rqyqskrga96dgdfrqjvjjpwsefcjnp,ipfs://bafkreicrrim5wicmsnrjpw7gp52jmebn7a2ly6j4eopjkvdsol6adyboqu,8bd3688c66f2735153455586c3d795358d04ef0f29243d22318a926bad73994f,,266667000000,153.0,19.0,6.0,0.0,0.0,0.0,,,,4,2026-02-09T18:50:25.950966+00:00,2026-03-25T13:00:02.009603+00:00
gov_action13tfag48nf94rtjcdq7c06vhkslmxxw9h6c88sl7q5g5nnewcsvlpx66gmxa,8ad3d454f3496a35cb0d07b0fd32f687f66338b7d60e787fc0a22939e5d8833e,19,TreasuryWithdrawals,ratified,570,577,100000000000,stake1uyvjdz9rxsfsmv44rtk75k2rqyqskrga96dgdfrqjvjjpwsefcjnp,ipfs://bafkreihd2hqcfvssop4aqxxqoch63ds6mkpapsfm7j7onyvemzayiby4ua,13b431cf1bf0c152fb7e06906978446f5bcafa88f75c7943c0c3b9d2fed22e6a,,605000000000,146.0,59.0,19.0,0.0,0.0,0.0,,,,4,2026-02-09T18:50:25.950966+00:00,2026-03-25T13:00:02.009603+00:00
gov_action13tfag48nf94rtjcdq7c06vhkslmxxw9h6c88sl7q5g5nnewcsvlpwywvhcq,8ad3d454f3496a35cb0d07b0fd32f687f66338b7d60e787fc0a22939e5d8833e,23,TreasuryWithdrawals,ratified,570,577,100000000000,stake1uyvjdz9rxsfsmv44rtk75k2rqyqskrga96dgdfrqjvjjpwsefcjnp,ipfs://bafkreid2pq5icpp77nfvdvnb5ipy3fqs77tpnls4ngxy6semzkdq7d2z7y,5edb23193df820ab4e8334d2e12fdc57aac5f06fe9a81067aa651b3439b57119,,69459000000000,151.0,15.0,6.0,0.0,0.0,0.0,,,,4,2026-02-09T18:50:25.950966+00:00,2026-03-25T13:00:02.009603+00:00
gov_action13tfag48nf94rtjcdq7c06vhkslmxxw9h6c88sl7q5g5nnewcsvlpvhtd5td,8ad3d454f3496a35cb0d07b0fd32f687f66338b7d60e787fc0a22939e5d8833e,22,TreasuryWithdrawals,ratified,570,577,100000000000,stake1uyvjdz9rxsfsmv44rtk75k2rqyqskrga96dgdfrqjvjjpwsefcjnp,ipfs://bafkreigltrp3abb6s667vrtnyspriii2j4wg25cieulbn26s3v36d4qsay,0fea1e7935a6a4257cf894d12c10ce650bf760b1bfa5cd13f51de6f7cdde9f6a,,592780000000,162.0,44.0,18.0,0.0,0.0,0.0,,,,4,2026-02-09T18:50:25.950966+00:00,2026-03-25T13:00:02.009603+00:00
gov_action13tfag48nf94rtjcdq7c06vhkslmxxw9h6c88sl7q5g5nnewcsvlpuz29v77,8ad3d454f3496a35cb0d07b0fd32f687f66338b7d60e787fc0a22939e5d8833e,30,TreasuryWithdrawals,expired,570,577,100000000000,stake1uyvjdz9rxsfsmv44rtk75k2rqyqskrga96dgdfrqjvjjpwsefcjnp,ipfs://bafkreidccjzvdy7np2uybq22w4n52cqu2qguoaws4o3j3wvu2rk4n27npq,de0a1dc8171a2b2a55eb65413c8ec85e62a8fb12dd339dee954c1a23e6fe4555,,3000000000000,93.0,113.0,20.0,0.0,0.0,0.0,,,,4,2026-02-09T18:50:25.950966+00:00,2026-03-25T13:00:02.009603+00:00
gov_action13tfag48nf94rtjcdq7c06vhkslmxxw9h6c88sl7q5g5nnewcsvlpsn5rx0e,8ad3d454f3496a35cb0d07b0fd32f687f66338b7d60e787fc0a22939e5d8833e,24,TreasuryWithdrawals,ratified,570,577,100000000000,stake1uyvjdz9rxsfsmv44rtk75k2rqyqskrga96dgdfrqjvjjpwsefcjnp,ipfs://bafkreidcvqu57gic4bigicuk6ssiykrkrfzi7c3jlwgiyxuskggqnyvcim,d8e6cc4597d146f0a25c86daa9dfa0f3f106db7baa6d32e79c8992d6c36bac43,,6000000000000,142.0,34.0,10.0,0.0,0.0,0.0,,,,4,2026-02-09T18:50:25.950966+00:00,2026-03-25T13:00:02.009603+00:00
gov_action13tfag48nf94rtjcdq7c06vhkslmxxw9h6c88sl7q5g5nnewcsvlpqx4t762,8ad3d454f3496a35cb0d07b0fd32f687f66338b7d60e787fc0a22939e5d8833e,16,TreasuryWithdrawals,ratified,570,577,100000000000,stake1uyvjdz9rxsfsmv44rtk75k2rqyqskrga96dgdfrqjvjjpwsefcjnp,ipfs://bafkreiechnwimuhwdwovwscljcsypzjlidrmktcbcssoovbgwgxkm4g4d4,e998c36fe5dfefc1d7db075b256ae8a2d0a221c270c4c6beb11bfeebd535c6b4,,583000000000,143.0,27.0,6.0,0.0,0.0,0.0,,,,4,2026-02-09T18:50:25.950966+00:00,2026-03-25T13:00:02.009603+00:00
gov_action13tfag48nf94rtjcdq7c06vhkslmxxw9h6c88sl7q5g5nnewcsvlpk0mqrnw,8ad3d454f3496a35cb0d07b0fd32f687f66338b7d60e787fc0a22939e5d8833e,27,TreasuryWithdrawals,expired,570,577,100000000000,stake1uyvjdz9rxsfsmv44rtk75k2rqyqskrga96dgdfrqjvjjpwsefcjnp,ipfs://bafkreicek47fmmvljbc2bjosg23x7hj5h7ijg7on447oy5gfuii7opgm6y,e0b3334da88a7d80049cda2f4bd4491582d79fc8f76311eb83f030474ddc3186,,1500000000000,124.0,81.0,15.0,0.0,0.0,0.0,,,,4,2026-02-09T18:50:25.950966+00:00,2026-03-25T13:00:02.009603+00:00
gov_action13tfag48nf94rtjcdq7c06vhkslmxxw9h6c88sl7q5g5nnewcsvlpjq3z9u5,8ad3d454f3496a35cb0d07b0fd32f687f66338b7d60e787fc0a22939e5d8833e,25,TreasuryWithdrawals,ratified,570,577,100000000000,stake1uyvjdz9rxsfsmv44rtk75k2rqyqskrga96dgdfrqjvjjpwsefcjnp,ipfs://bafkreihhdmx6eumwipv4zlhlrbbkz6uj52y6xpzpjgwfnkzzzamtqgmq4u,84772ee63ebacc574a240ed9a4c87b0c9dbd52539f7d648582d3941cd62ae307,,6000000000000,124.0,51.0,17.0,0.0,0.0,0.0,,,,4,2026-02-09T18:50:25.950966+00:00,2026-03-25T13:00:02.009603+00:00
gov_action13tfag48nf94rtjcdq7c06vhkslmxxw9h6c88sl7q5g5nnewcsvlpgcp0jyh,8ad3d454f3496a35cb0d07b0fd32f687f66338b7d60e787fc0a22939e5d8833e,20,TreasuryWithdrawals,ratified,570,577,100000000000,stake1uyvjdz9rxsfsmv44rtk75k2rqyqskrga96dgdfrqjvjjpwsefcjnp,ipfs://bafkreigivcba5jtrmzvr4ilvokyyzbryry63cz6ctow7tjmmkjxpvgfbsq,8b79b51817672478d2f416c28faaded094679bfe029750df4f5c1800581544d5,,212000000000,153.0,13.0,9.0,0.0,0.0,0.0,,,,4,2026-02-09T18:50:25.950966+00:00,2026-03-25T13:00:02.009603+00:00
gov_action13tfag48nf94rtjcdq7c06vhkslmxxw9h6c88sl7q5g5nnewcsvlpcdq823y,8ad3d454f3496a35cb0d07b0fd32f687f66338b7d60e787fc0a22939e5d8833e,28,TreasuryWithdrawals,ratified,570,577,100000000000,stake1uyvjdz9rxsfsmv44rtk75k2rqyqskrga96dgdfrqjvjjpwsefcjnp,ipfs://bafkreidb56gwlzeuzav2xfubcbqa7txllbl2byiadnlxjdr2dgaqgb7z4m,c75b301ed27728ca5f3f12393b6d289560a26984d2683083a14af527279a4b37,,3126000000000,115.0,96.0,12.0,0.0,0.0,0.0,,,,4,2026-02-09T18:50:25.950966+00:00,2026-03-25T13:00:02.009603+00:00
gov_action13tfag48nf94rtjcdq7c06vhkslmxxw9h6c88sl7q5g5nnewcsvlp730y0dn,8ad3d454f3496a35cb0d07b0fd32f687f66338b7d60e787fc0a22939e5d8833e,31,TreasuryWithdrawals,ratified,570,577,100000000000,stake1uyvjdz9rxsfsmv44rtk75k2rqyqskrga96dgdfrqjvjjpwsefcjnp,ipfs://bafkreihki45xehzrcyk6e7onyjc3u4mjg3vbd72oi5wfg2h6blemtr65yq,7815312a170820ad2f5ad64e11118e31b4110c4bc995f7bd375911ec32e83c1a,,4000000000000,113.0,37.0,8.0,0.0,0.0,0.0,,,,4,2026-02-09T18:50:25.950966+00:00,2026-03-25T13:00:02.009603+00:00
gov_action13tfag48nf94rtjcdq7c06vhkslmxxw9h6c88sl7q5g5nnewcsvlp679xfzf,8ad3d454f3496a35cb0d07b0fd32f687f66338b7d60e787fc0a22939e5d8833e,29,TreasuryWithdrawals,ratified,570,577,100000000000,stake1uyvjdz9rxsfsmv44rtk75k2rqyqskrga96dgdfrqjvjjpwsefcjnp,ipfs://bafkreicewinu7ogkkxho7ubwpi6q4iy2xqs2pv4lhvueyz6qe3rkc2icru,2b5c10989138f68e18b3ecf2f762cb0dd5eb233b0e68d6265b5944ac45261425,,889500000000,136.0,66.0,21.0,0.0,0.0,0.0,,,,4,2026-02-09T18:50:25.950966+00:00,2026-03-25T13:00:02.009603+00:00
gov_action13tfag48nf94rtjcdq7c06vhkslmxxw9h6c88sl7q5g5nnewcsvlp5u7pqqr,8ad3d454f3496a35cb0d07b0fd32f687f66338b7d60e787fc0a22939e5d8833e,26,TreasuryWithdrawals,ratified,570,577,100000000000,stake1uyvjdz9rxsfsmv44rtk75k2rqyqskrga96dgdfrqjvjjpwsefcjnp,ipfs://bafkreidlb2fusg7asmfcnugcrzmfkhk6sb32b4st5ieji2q3oxmbhm6sma,97de3986c77d6dae95e6e41f8aca5485e27392c186e77a8633d47fd2046c975d,,12000000000000,145.0,40.0,15.0,0.0,0.0,0.0,,,,4,2026-02-09T18:50:25.950966+00:00,2026-03-25T13:00:02.009603+00:00
gov_action13tfag48nf94rtjcdq7c06vhkslmxxw9h6c88sl7q5g5nnewcsvlp2tyw3h6,8ad3d454f3496a35cb0d07b0fd32f687f66338b7d60e787fc0a22939e5d8833e,21,TreasuryWithdrawals,ratified,570,577,100000000000,stake1uyvjdz9rxsfsmv44rtk75k2rqyqskrga96dgdfrqjvjjpwsefcjnp,ipfs://bafkreidy6xsjjpdccodhiurbdcvtcf5tqzkyfgx3ruuhso2ijjuovycuny,b71b018ef4d339cd75de80c9a57259247f1b38242ec2a9ae14f071d78e10352a,,15750000000000,141.0,39.0,8.0,0.0,0.0,0.0,,,,4,2026-02-09T18:50:25.950966+00:00,2026-03-25T13:00:02.009603+00:00
gov_action1f9da8n2yaf4updxzmwc7fnw8ug2gwnpvqays5n3yw6nz0mu3z2qqq6ggge9,495bd3cd44ea6bc0b4c2dbb1e4cdc7e214874c2c07490a4e2476a627ef911280,0,InfoAction,expired,569,576,100000000000,stake1u8453de8xhhqa9c4ftvylkke8we84tmaq5hz75qwfgaaf2qac45ja,https://most-brass-sun.quicknode-ipfs.com/ipfs/QmQTpreux4fpWQ5jL4gxZVp7Zx6KNWnoRsj1ApU79c8Y2B,215ed153e091e5146cb2e151a78403fa4c0b91034db6a1d3f0291f454d272009,,,119.0,75.0,22.0,1.0,11.0,0.0,,,,3,2026-02-09T18:50:25.950966+00:00,2026-03-25T13:00:02.009603+00:00
gov_action1n5sn54mgf47a7men2ryq6ppx88kta4wvenz2qkl4f9v6ppje8easqxwm88m,9d213a57684d7ddf6f3350c80d042639ecbed5ccccc4a05bf54959a086593e7b,0,InfoAction,expired,567,574,100000000000,stake1uy4l3fqtsyququwh78qm5dekctf6jenlkylrthqcvnchp5qakpx27,ipfs://QmP9iDuML2VmoFigTJifBj87LxZ3DNnREyU27DE1MrpZDg,b3dc422b419a0e7beee4bf594bcfd344d87e2dc593d0fef5eb1fd218c0a6137b,,,175.0,53.0,11.0,9.0,4.0,0.0,,,,10,2026-02-09T18:50:25.950966+00:00,2026-03-25T13:00:02.009603+00:00
gov_action1vrkk4dpuss8l3z9g4uc2rmf8ks0f7j534zvz9v4k85dlc54wa3zsqq68rx0,60ed6ab43c840ff888a8af30a1ed27b41e9f4a91a89822b2b63d1bfc52aeec45,0,TreasuryWithdrawals,ratified,566,573,100000000000,stake1u9vw36vvvkmq32dfa002gtc8mk6v4zv2a74ppaxsz3dejhshz3hzz,ipfs://bafkreifw3qs7brjn4tdvyprnh2r343oerbdghasp5ws6ro55frbpll3dta,d2f633b044f33117ace7cde8c045fcc930060a6dbdd083f7491148a86a3c5ebd,,500000000000,198.0,6.0,11.0,0.0,0.0,0.0,,,,7,2026-02-09T18:50:25.950966+00:00,2026-03-25T13:00:02.009603+00:00
gov_action1u9x73kwufaxa70lfy59g4ynwyrcsaxdcd0gxzzmh67s9fxq4j8hqqk2phgh,e14de8d9dc4f4ddf3fe9250a8a926e20f10e99b86bd0610b77d7a054981591ee,0,InfoAction,expired,557,564,100000000000,stake1uxldc9fqhu2a8kneufzf2ntmsdlfkk3mn5lh424xxd63jlggk3vdu,ipfs://bafkreibeajhkes7bxjlkghkingcgltqcwazz2ya5oknveqwt5nont7tg6u,b95d8f8e324e9863905f16dbad94c1f25b28b933ae842e6f8ce9841c8da5b197,,,193.0,63.0,13.0,22.0,4.0,2.0,,,,0,2026-02-09T18:50:25.950966+00:00,2026-03-25T13:00:02.009603+00:00
gov_action1vdlrcftd48qn2zz8egepr6xyfcmxpfz8r69k769gc5mhg662adesq9yy8pl,637e3c256da9c1350847ca3211e8c44e3660a4471e8b6f68a8c537746b4aeb73,0,InfoAction,expired,556,563,100000000000,stake1uy5mx9230r5c0a8tp69kpw6773ycm9spghazx9t8gnyfzgs8ymlec,https://ipfs.io/ipfs/bafkreieu47jw2qoxmqz67qyhhj4pi7fssuth5s4mm42qleqtw5tuzs3pgu,ec7179c11582daa390e6d0c3f3cc46b0116d96aadcc74e02aa8d8e91434ab7af,,,109.0,87.0,19.0,10.0,11.0,2.0,,,,3,2026-02-09T18:50:25.950966+00:00,2026-03-25T13:00:02.009603+00:00
gov_action1mmalzkcxpyn33t05hml2hxpwq0ffv6uu4mhe8sv7guz5nmm4afysqlmepzl,defbf15b06092718adf4befeab982e03d2966b9caeef93c19e470549ef75ea49,0,InfoAction,expired,556,563,100000000000,stake1u8453de8xhhqa9c4ftvylkke8we84tmaq5hz75qwfgaaf2qac45ja,https://most-brass-sun.quicknode-ipfs.com/ipfs/QmaWrgqcQS7jYyLYFpvBiamZ4mCoeasL78qaPASDaJ6dT3,4a4c99645a68d29eab6615ac71191cc92c745f92f97cdaf47890be1bad7487a7,,,103.0,66.0,25.0,9.0,10.0,1.0,,,,3,2026-02-09T18:50:25.950966+00:00,2026-03-25T13:00:02.009603+00:00
gov_action1h4ygjv0hjfj3lmafcm76rpdzcm8vsvj9k5wejn3npyxwxm3fesnqqw9kxxz,bd488931f792651fefa9c6fda185a2c6cec83245b51d994e33090ce36e29cc26,0,InfoAction,expired,556,563,100000000000,stake1u9vw36vvvkmq32dfa002gtc8mk6v4zv2a74ppaxsz3dejhshz3hzz,ipfs://bafkreibqma7t2k4rcywvx5afukahhi3dp2so2ugh7t4ljuawhanvk7sr34,7d2f344f3651a8372ad603abf11fcb310fb3c5154a6592591d1ff97d951156e3,,,232.0,14.0,10.0,32.0,0.0,0.0,,,,3,2026-02-09T18:50:25.950966+00:00,2026-03-25T13:00:02.009603+00:00
gov_action1fpqwxp2kxvnntr8hpkh9q9djm78ccdww7qlhg5safugh4stmcwzqql5lauu,4840e305563327358cf70dae5015b2df8f8c35cef03f74521d4f117ac17bc384,0,InfoAction,expired,556,563,100000000000,stake1uy7g5hkuaqtdmlv0zzgy3rhnjlrh8va0lchhwrlcuyxyxeq4r5k0w,https://raw.githubusercontent.com/theeldermillenial/2025-liquidity-budget/df0b26d8796b19b566008ea9eaa8f17fef2cb6d4/info.jsonld,97df3a30b767ee5b8e2b9fde824d91d3366985243ed73c06b257c2163f9045db,,,10.0,135.0,28.0,0.0,7.0,1.0,,,,10,2026-02-09T18:50:25.950966+00:00,2026-03-25T13:00:02.009603+00:00
gov_action10k0unljvaej0kd89w7pn0zkgdx59c7xkl0x5q78dzvdtd73u0kmqq5xl5y5,7d9fc9fe4cee64fb34e57783378ac869a85c78d6fbcd4078ed131ab6fa3c7db6,0,InfoAction,expired,554,561,100000000000,stake1u8453de8xhhqa9c4ftvylkke8we84tmaq5hz75qwfgaaf2qac45ja,https://most-brass-sun.quicknode-ipfs.com/ipfs/QmRrGsZsP5R7cFYFzPXQ9vS2Ux7oTXb1ep1EciLdKqeDWY,30f03001e623d61ae782efe922b21ef79c4a1d06b258fd773d9c762d1a42d9b9,,,213.0,85.0,11.0,35.0,1.0,1.0,,,,3,2026-02-09T18:50:25.950966+00:00,2026-03-25T13:00:02.009603+00:00
gov_action1nd3t833j7v5sz65k3tp9yyvztw60sjcjgcgjr37682s3m7frwrusqmd2k80,9b62b3c632f329016a968ac25211825bb4f84b12461121c7da3aa11df92370f9,0,InfoAction,expired,547,554,100000000000,stake1uyguuqwdpexmhgjd07vax5t2ay3f7qvea49ex907g6fmvjclq6l03,ipfs://bafkreiaqno22swabd3kcqt2awtgwaucdzaagacoemxwadm3exrchhnfite,973452e7c4d204c883c6a9e4c311f72ad6237e827ce05e141f3374c8a04f01bc,,,201.0,123.0,13.0,27.0,42.0,1.0,,,,3,2026-02-09T18:50:25.950966+00:00,2026-03-25T13:00:02.009603+00:00
gov_action10ueqgzwenxr39le68n0se9peu92r7gm2846xwehh3u0ahc0qd0uqqyljxu5,7f320409d9998712ff3a3cdf0c9439e1543f236a3d746766f78f1fdbe1e06bf8,0,InfoAction,expired,546,553,100000000000,stake1uy6wq23d3w5pdfauralrxun3wd9jqrs39l3yp5kjk5zpz0c7yp4wp,https://raw.githubusercontent.com/blockchainada/ga/refs/heads/main/ga01.jsonld,a2fa375274a2c5efa985a1e9811f27ea1ebf8b8dd88cdf9931a5aa856c73832a,,,138.0,112.0,14.0,29.0,22.0,1.0,,,,10,2026-02-09T18:50:25.950966+00:00,2026-03-25T13:00:02.009603+00:00
gov_action12meeq4r43udremwpm6fzt4nt7fctvt0ah7798x036m2r4nhlccmqqhmr9wx,56f39054758f1a3cedc1de9225d66bf270b62dfdbfbc5399f1d6d43aceffc636,0,InfoAction,expired,542,549,100000000000,stake1uyguuqwdpexmhgjd07vax5t2ay3f7qvea49ex907g6fmvjclq6l03,ipfs://bafkreiada4nn5eaezg43esieduks6l57vzkjdo2yfby7yxv6jrat7ilrdq,b160033b47dfc31885c297c55ba6b68afaf7561da3070eced93d84ad70d8f5b3,,,243.0,9.0,21.0,37.0,0.0,2.0,,,,0,2026-02-09T18:50:25.950966+00:00,2026-03-25T13:00:02.009603+00:00
gov_action1js2s9v92zpxg2rge0y3jt9zy626he2m67x9kx9phw4r942kvsn6sqfym0d7,941502b0aa104c850d197923259444d2b57cab7af18b63143775465aaacc84f5,0,ParameterChange,expired,539,546,100000000000,stake1u9jxe8jlwjzw3tkwh229v6mnhz6s898td0a4fan6cky96kgv7haes,ipfs://QmcKQggcpouuhAAvUYGDzoKgMwbZSkWqiEeE6c67SJ3kEq,9b2438f0032a0c24ed62d12d6bdb79b47e2bd0c4d2dd4f4936c055ead7109caf,,,140.0,223.0,11.0,0.0,0.0,0.0,,,,0,2026-02-09T18:50:25.950966+00:00,2026-03-25T13:00:02.009603+00:00
gov_action133jnaewfsq8x6v08ndd87l2yqryp63r30t2dkceacxx5cply5n7sqzlcyqf,8c653ee5c9800e6d31e79b5a7f7d4400c81d44717ad4db633dc18d4c07e4a4fd,0,NewConstitution,ratified,537,544,100000000000,stake1uyguuqwdpexmhgjd07vax5t2ay3f7qvea49ex907g6fmvjclq6l03,ipfs://bafkreiehcekhhsq34ccezwn46brg3euj6tbs4g4yjkav34ukqvbnzaya2a,d085e5af96521ae2670400e76c3a1e4b4eb902139ddaa83bde7580e7e9d7ddec,,,385.0,22.0,6.0,0.0,0.0,0.0,,,,3,2026-02-09T18:50:25.950966+00:00,2026-03-25T13:00:02.009603+00:00
gov_action1pvv5wmjqhwa4u85vu9f4ydmzu2mgt8n7et967ph2urhx53r70xusqnmm525,0b19476e40bbbb5e1e8ce153523762e2b6859e7ecacbaf06eae0ee6a447e79b9,0,HardForkInitiation,ratified,529,536,100000000000,stake1uyguuqwdpexmhgjd07vax5t2ay3f7qvea49ex907g6fmvjclq6l03,https://raw.githubusercontent.com/IntersectMBO/governance-actions/refs/heads/main/mainnet/2024-10-30-hf10/metadata.jsonld,8a1bd37caa6b914a8b569adb63a0f41d8f159c110dc5c8409118a3f087fffb43,,,0.0,0.0,0.0,666.0,4.0,35.0,,,,10,2026-02-09T18:50:25.950966+00:00,2026-03-25T13:00:02.009603+00:00
gov_action1llcd7ezdx299xeep9azm4dvsvz7783qfrhykcu3sv2ykl4sewv2qq4myfpk,fff0df644d328a5367212f45bab59060bde3c4091dc96c723062896fd6197314,0,InfoAction,expired,522,529,100000000000,stake1uyguuqwdpexmhgjd07vax5t2ay3f7qvea49ex907g6fmvjclq6l03,https://raw.githubusercontent.com/IntersectMBO/governance-actions/refs/heads/main/mainnet/2024-11-19-infohf/metadata.jsonld,93106d082a93e94df5aff74f678438bae3a647dac63465fbfcde6a3058f41a1e,,,209.0,9.0,8.0,95.0,0.0,0.0,,,,0,2026-02-09T18:50:25.950966+00:00,2026-03-25T13:00:02.009603+00:00
gov_action1k2jertppnnndejjcglszfqq4yzw8evzrd2nt66rr6rqlz54xp0zsq05ecsn,b2a591ac219ce6dcca5847e0248015209c7cb0436aa6bd6863d0c1f152a60bc5,0,ParameterChange,ratified,519,526,100000000000,stake1uyguuqwdpexmhgjd07vax5t2ay3f7qvea49ex907g6fmvjclq6l03,https://raw.githubusercontent.com/IntersectMBO/governance-actions/refs/heads/main/mainnet/2024-11-04-ppu/metadata.jsonld,94deb036c455e4064f7ed4162edbdb7d892ad264094df9a26fd61b5b130d100f,,,0.0,0.0,0.0,0.0,0.0,0.0,,,,0,2026-02-09T18:50:25.950966+00:00,2026-03-25T13:00:02.009603+00:00
gov_action1286ft23r7jem825s4l0y5rn8sgam0tz2ce04l7a38qmnhp3l9a6qqn850dw,51f495aa23f4b3b3aa90afde4a0e67823bb7ac4ac65f5ffbb138373b863f2f74,0,ParameterChange,expired,518,525,100000000000,stake1uyguuqwdpexmhgjd07vax5t2ay3f7qvea49ex907g6fmvjclq6l03,https://raw.githubusercontent.com/IntersectMBO/governance-actions/refs/heads/main/mainnet/2024-10-21-ppu/metadata.jsonld,3e6b1083a637a740d5b84bb6edf1a5119b81440b31ea84907311b6543ebd39eb,,,0.0,0.0,0.0,0.0,0.0,0.0,,,,10,2026-02-09T18:50:25.950966+00:00,2026-03-25T13:00:02.009603+00:00
gov_action10lty9xka3unprtvdfrqvcjgsz33sjwhv9p06afqzar8au782trtsq7dhd95,7fd6429add8f2611ad8d48c0cc49101463093aec285faea402e8cfde78ea58d7,0,InfoAction,expired,514,521,100000000000,stake1u9aqjs65yw0ateajgej3trlhac40m74ue9rm5wmywshl5jqjdmr4s,https://raw.githubusercontent.com/bigpey/CardanoGovernance/refs/heads/main/infoAction3.jsonld,e68cba056c70187e475f05317ce54eeade3376d5b744b32f2c60492b4984b4bf,,,88.0,54.0,22.0,51.0,29.0,4.0,,,,3,2026-02-09T18:50:25.950966+00:00,2026-03-25T13:00:02.009603+00:00
gov_action1t87n2vjnavthuggyarerafxx8c7n9mu4c7r96qlfp5uggsjdc8dsqymg588,59fd353253eb177e2104e8f23ea4c63e3d32ef95c7865d03e90d3884424dc1db,0,InfoAction,expired,510,517,100000000000,stake1uys93fhep4lc2u6lu0q09kcxayxzthasded35c0x0w60ugc9s0cm5,https://c-ipfs-gw.nmkr.io/ipfs/QmXdfDSSkR8TYBntMT4nuTL9sE9E44FJnpWVpaY8ZTfwjj,d4efa9e0c3d80f5be35def08551eaf5aef17eae832fdb835e5f4b208d98f3dff,,,104.0,3.0,16.0,44.0,1.0,6.0,,,,3,2026-02-09T18:50:25.950966+00:00,2026-03-25T13:00:02.009603+00:00
gov_action1zhuz5djmmmjg8f9s8pe6grfc98xg3szglums8cgm6qwancp4eytqqmpu0pr,15f82a365bdee483a4b03873a40d3829cc88c048ff3703e11bd01dd9e035c916,0,InfoAction,expired,507,514,100000000000,stake1u9zaaehwt4lkxxmzym2972w6gywy97n7s9kup9ydx8sdhfcjxtusp,ipfs://QmWjcHsrq9kKHZZ7aPPFjqN6wLuxH9d8bcqssmrE7H4cvb,2f98f57c4149fdfed2b73cbd821226fe417ef5ed49d8f836a37b31edf14dea47,,,11.0,93.0,21.0,6.0,64.0,3.0,,,,17,2026-02-09T18:50:25.950966+00:00,2026-03-25T13:00:02.009603+00:00
