action_id,flag,severity,detail
gov_action1wwjwkg2g0qwr0mehey9r8gwn6qz3r28wl6wdl2s75kfmpy8j87tqqtft9tp,🟡 NO_DISCUSSION,yellow,No links to forum discussion or community feedback
gov_action1fvgw27fjpr9c7g582mszzyez0jgkqgjgatzdnyngrg8wwc9kcn3qqxtz8r7,🟡 NO_DISCUSSION,yellow,No links to forum discussion or community feedback
gov_action1fvgw27fjpr9c7g582mszzyez0jgkqgjgatzdnyngrg8wwc9kcn3qqxtz8r7,🟡 SINGLE_BENEFICIARY,yellow,Treasury withdrawal to a single address
gov_action1cgdsp7g0rr7wgqp7maptpvx525fxuqwfgm5qe3f5r20ew5x2772sq0m5y83,🟡 PARAM_CLUSTER,yellow,Multiple parameter changes bundled in one action: 4 params changed at once
gov_action1m3xx08yv788vfxqh6nfvrjtvmqpwezsy0ggaczctkyjmttc2wmxsq4jsr7q,🟡 NO_DISCUSSION,yellow,No links to forum discussion or community feedback
gov_action15ce4qnwug759939wqv782pvh6qg68khspg8kh02gmex99mcsytwqqqr7jkr,🟡 NO_DISCUSSION,yellow,No links to forum discussion or community feedback
gov_action1jxne7hynfd7frcczwumd2eggps4kvy0msjztz9t0mutpy870ksgqqp6vp3p,🟡 NO_DISCUSSION,yellow,No links to forum discussion or community feedback
gov_action1aw809r9gpk7eemt02alszw7lceyf0505uvntavm62rakkckr3nxsqd54zm8,🔴 NO_METADATA,red,Anchor URL missing or could not be resolved
gov_action1fk4nx9zhkcdcyjaudwjtnkd7gagwyhqtth2zypawkc78gvdxkuzqqtvqdkv,🟡 NO_DISCUSSION,yellow,No links to forum discussion or community feedback
gov_action1lqun78lcznfa2gek49m3ydslakfnm8heargfp8sax9fk54yl6ghsqp042zv,🟡 SINGLE_BENEFICIARY,yellow,Treasury withdrawal to a single address
gov_action169kllwhfmp488je5x5rwvufd08p8sztdcf0ghf5sp6ey2gnjdwaqql47xry,🔴 NO_METADATA,red,Anchor URL missing or could not be resolved
gov_action13a2dqgwxum7d6kjfprcs57cf9733ek2dkt5qnuhqd4ll5ntcwu7sqluwkxd,🟡 NO_DISCUSSION,yellow,No links to forum discussion or community feedback
gov_action1x2zm0lgd59kjrc9clzgscdlh0ct62l8llr638h6t4a5jj4yqzzyqq2dgc7q,🟡 NO_DISCUSSION,yellow,No links to forum discussion or community feedback
gov_action1q0m8z7glm9cprucwf44hdjdfra8khnakpm3hu5ueh929hvljw4aqqzuxfxz,🟡 NO_DISCUSSION,yellow,No links to forum discussion or community feedback
gov_action1q0m8z7glm9cprucwf44hdjdfra8khnakpm3hu5ueh929hvljw4aqqzuxfxz,🟡 SINGLE_BENEFICIARY,yellow,Treasury withdrawal to a single address
gov_action1ezp0r9rgf4njx93p9uq7l3kjs9m739jm0ntf26vplcmucec4jc0qqxjlfrc,🟡 NO_DISCUSSION,yellow,No links to forum discussion or community feedback
gov_action16tdkp3fs0j6303e4utgp8rftdug0ckezr4sslgv8wxdaeq40ngpsq5sr06h,🟡 SINGLE_BENEFICIARY,yellow,Treasury withdrawal to a single address
gov_action1n9hdlcmshrj3hee4g8n4fxdgrprpxp0r03l6psd3j0evtpck0nrsqm57age,🟡 NO_DISCUSSION,yellow,No links to forum discussion or community feedback
gov_action1u4jrcvlkppjzuv5j9z5ksacwtvv77h6glu0knpcjut8gvjjfu0cqqt3alsy,🟡 NO_DISCUSSION,yellow,No links to forum discussion or community feedback
gov_action1jr84r96lnsvu9yd6c0jhxe9gj5r7vnd2pgkntc6klplxdpyzz4tqqc9uldx,🟡 NO_DISCUSSION,yellow,No links to forum discussion or community feedback
gov_action1ypajyms3pcfmkx93r87dxy6jpc8u6pst90ylhxj7t0rwjj43puasq0x9jrw,🟡 NO_DISCUSSION,yellow,No links to forum discussion or community feedback
gov_action1r44w54hx553mz0sr4cc07f8tlxzj2sa57l2pt3l9pa2ldw42fc7sq5q3rtn,🟡 NO_DISCUSSION,yellow,No links to forum discussion or community feedback
gov_action1r44w54hx553mz0sr4cc07f8tlxzj2sa57l2pt3l9pa2ldw42fc7sq5q3rtn,🟡 SINGLE_BENEFICIARY,yellow,Treasury withdrawal to a single address
gov_action1fl6r784t2ffw7q96du2znhprw90r3xvrfugvqelgqewgxex42kdqq9tgrd5,🟡 NO_DISCUSSION,yellow,No links to forum discussion or community feedback
gov_action1fl6r784t2ffw7q96du2znhprw90r3xvrfugvqelgqewgxex42kdqq9tgrd5,🟡 SINGLE_BENEFICIARY,yellow,Treasury withdrawal to a single address
gov_action1g7sw0f8e8qa34lppj2erksvzf4j6e9udwaq6efslc8apdqeazygsq2spyyt,🟡 NO_DISCUSSION,yellow,No links to forum discussion or community feedback
gov_action193leqzml768nz7nmpepzx822a5mzyanqhtewaxjtul5gp6uhwvfsqgl2qg0,🟡 SINGLE_BENEFICIARY,yellow,Treasury withdrawal to a single address
gov_action13tfag48nf94rtjcdq7c06vhkslmxxw9h6c88sl7q5g5nnewcsvlqkqx0ecg,🟡 SINGLE_BENEFICIARY,yellow,Treasury withdrawal to a single address
gov_action13tfag48nf94rtjcdq7c06vhkslmxxw9h6c88sl7q5g5nnewcsvlqudh2k4c,🟡 SINGLE_BENEFICIARY,yellow,Treasury withdrawal to a single address
gov_action13tfag48nf94rtjcdq7c06vhkslmxxw9h6c88sl7q5g5nnewcsvlq77jt4x4,🟡 SINGLE_BENEFICIARY,yellow,Treasury withdrawal to a single address
gov_action13tfag48nf94rtjcdq7c06vhkslmxxw9h6c88sl7q5g5nnewcsvlqqfgyy3v,🟡 SINGLE_BENEFICIARY,yellow,Treasury withdrawal to a single address
gov_action13tfag48nf94rtjcdq7c06vhkslmxxw9h6c88sl7q5g5nnewcsvlqz6d98zp,🟡 SINGLE_BENEFICIARY,yellow,Treasury withdrawal to a single address
gov_action13tfag48nf94rtjcdq7c06vhkslmxxw9h6c88sl7q5g5nnewcsvlpqx4t762,🟡 SINGLE_BENEFICIARY,yellow,Treasury withdrawal to a single address
gov_action13tfag48nf94rtjcdq7c06vhkslmxxw9h6c88sl7q5g5nnewcsvlpuz29v77,🟡 SINGLE_BENEFICIARY,yellow,Treasury withdrawal to a single address
gov_action13tfag48nf94rtjcdq7c06vhkslmxxw9h6c88sl7q5g5nnewcsvlpx66gmxa,🟡 SINGLE_BENEFICIARY,yellow,Treasury withdrawal to a single address
gov_action13tfag48nf94rtjcdq7c06vhkslmxxw9h6c88sl7q5g5nnewcsvlpjq3z9u5,🟡 SINGLE_BENEFICIARY,yellow,Treasury withdrawal to a single address
gov_action13tfag48nf94rtjcdq7c06vhkslmxxw9h6c88sl7q5g5nnewcsvlp5u7pqqr,🟡 SINGLE_BENEFICIARY,yellow,Treasury withdrawal to a single address
gov_action13tfag48nf94rtjcdq7c06vhkslmxxw9h6c88sl7q5g5nnewcsvlpk0mqrnw,🟡 SINGLE_BENEFICIARY,yellow,Treasury withdrawal to a single address
gov_action13tfag48nf94rtjcdq7c06vhkslmxxw9h6c88sl7q5g5nnewcsvlpvhtd5td,🟡 SINGLE_BENEFICIARY,yellow,Treasury withdrawal to a single address
gov_action13tfag48nf94rtjcdq7c06vhkslmxxw9h6c88sl7q5g5nnewcsvlpcdq823y,🟡 SINGLE_BENEFICIARY,yellow,Treasury withdrawal to a single address
gov_action13tfag48nf94rtjcdq7c06vhkslmxxw9h6c88sl7q5g5nnewcsvlp679xfzf,🟡 SINGLE_BENEFICIARY,yellow,Treasury withdrawal to a single address
gov_action13tfag48nf94rtjcdq7c06vhkslmxxw9h6c88sl7q5g5nnewcsvlzxt5eumh,🟡 SINGLE_BENEFICIARY,yellow,Treasury withdrawal to a single address
gov_action13tfag48nf94rtjcdq7c06vhkslmxxw9h6c88sl7q5g5nnewcsvlpwywvhcq,🟡 SINGLE_BENEFICIARY,yellow,Treasury withdrawal to a single address
gov_action13tfag48nf94rtjcdq7c06vhkslmxxw9h6c88sl7q5g5nnewcsvlqyxzxz7k,🟡 SINGLE_BENEFICIARY,yellow,Treasury withdrawal to a single address
gov_action13tfag48nf94rtjcdq7c06vhkslmxxw9h6c88sl7q5g5nnewcsvlqx488pdm,🟡 SINGLE_BENEFICIARY,yellow,Treasury withdrawal to a single address
gov_action13tfag48nf94rtjcdq7c06vhkslmxxw9h6c88sl7q5g5nnewcsvlqghuqg03,🟡 SINGLE_BENEFICIARY,yellow,Treasury withdrawal to a single address
gov_action13tfag48nf94rtjcdq7c06vhkslmxxw9h6c88sl7q5g5nnewcsvlq2yeptuu,🟡 SINGLE_BENEFICIARY,yellow,Treasury withdrawal to a single address
gov_action13tfag48nf94rtjcdq7c06vhkslmxxw9h6c88sl7q5g5nnewcsvlqvckzwqt,🟡 SINGLE_BENEFICIARY,yellow,Treasury withdrawal to a single address
gov_action13tfag48nf94rtjcdq7c06vhkslmxxw9h6c88sl7q5g5nnewcsvlqwtnrdnx,🟡 SINGLE_BENEFICIARY,yellow,Treasury withdrawal to a single address
gov_action13tfag48nf94rtjcdq7c06vhkslmxxw9h6c88sl7q5g5nnewcsvlqsufvuyl,🟡 SINGLE_BENEFICIARY,yellow,Treasury withdrawal to a single address
gov_action13tfag48nf94rtjcdq7c06vhkslmxxw9h6c88sl7q5g5nnewcsvlqj0vdlhj,🟡 SINGLE_BENEFICIARY,yellow,Treasury withdrawal to a single address
gov_action13tfag48nf94rtjcdq7c06vhkslmxxw9h6c88sl7q5g5nnewcsvlq5nrw6t9,🟡 SINGLE_BENEFICIARY,yellow,Treasury withdrawal to a single address
gov_action13tfag48nf94rtjcdq7c06vhkslmxxw9h6c88sl7q5g5nnewcsvlqczags6z,🟡 SINGLE_BENEFICIARY,yellow,Treasury withdrawal to a single address
gov_action13tfag48nf94rtjcdq7c06vhkslmxxw9h6c88sl7q5g5nnewcsvlq63cfnf0,🟡 SINGLE_BENEFICIARY,yellow,Treasury withdrawal to a single address
gov_action13tfag48nf94rtjcdq7c06vhkslmxxw9h6c88sl7q5g5nnewcsvlpz4s2af8,🟡 SINGLE_BENEFICIARY,yellow,Treasury withdrawal to a single address
gov_action13tfag48nf94rtjcdq7c06vhkslmxxw9h6c88sl7q5g5nnewcsvlpyflfc4s,🟡 SINGLE_BENEFICIARY,yellow,Treasury withdrawal to a single address
gov_action13tfag48nf94rtjcdq7c06vhkslmxxw9h6c88sl7q5g5nnewcsvlpgcp0jyh,🟡 SINGLE_BENEFICIARY,yellow,Treasury withdrawal to a single address
gov_action13tfag48nf94rtjcdq7c06vhkslmxxw9h6c88sl7q5g5nnewcsvlp2tyw3h6,🟡 SINGLE_BENEFICIARY,yellow,Treasury withdrawal to a single address
gov_action13tfag48nf94rtjcdq7c06vhkslmxxw9h6c88sl7q5g5nnewcsvlpsn5rx0e,🟡 SINGLE_BENEFICIARY,yellow,Treasury withdrawal to a single address
gov_action13tfag48nf94rtjcdq7c06vhkslmxxw9h6c88sl7q5g5nnewcsvlp730y0dn,🟡 SINGLE_BENEFICIARY,yellow,Treasury withdrawal to a single address
gov_action13tfag48nf94rtjcdq7c06vhkslmxxw9h6c88sl7q5g5nnewcsvlzqhm6e8q,🟡 SINGLE_BENEFICIARY,yellow,Treasury withdrawal to a single address
gov_action13tfag48nf94rtjcdq7c06vhkslmxxw9h6c88sl7q5g5nnewcsvlzzy7m65d,🟡 SINGLE_BENEFICIARY,yellow,Treasury withdrawal to a single address
gov_action13tfag48nf94rtjcdq7c06vhkslmxxw9h6c88sl7q5g5nnewcsvlzyc3clg6,🟡 SINGLE_BENEFICIARY,yellow,Treasury withdrawal to a single address
gov_action13tfag48nf94rtjcdq7c06vhkslmxxw9h6c88sl7q5g5nnewcsvlzgf074ea,🟡 SINGLE_BENEFICIARY,yellow,Treasury withdrawal to a single address
gov_action18nefry4qacd80xzs2srjahxm2e4vz3c8wvrr03rrtk8mdqfuknysq66459t,🟡 SINGLE_BENEFICIARY,yellow,Treasury withdrawal to a single address
gov_action1f9da8n2yaf4updxzmwc7fnw8ug2gwnpvqays5n3yw6nz0mu3z2qqq6ggge9,🟡 NO_DISCUSSION,yellow,No links to forum discussion or community feedback
gov_action1n5sn54mgf47a7men2ryq6ppx88kta4wvenz2qkl4f9v6ppje8easqxwm88m,🔴 NO_METADATA,red,Anchor URL missing or could not be resolved
gov_action1vrkk4dpuss8l3z9g4uc2rmf8ks0f7j534zvz9v4k85dlc54wa3zsqq68rx0,🟡 NO_DISCUSSION,yellow,No links to forum discussion or community feedback
gov_action1vrkk4dpuss8l3z9g4uc2rmf8ks0f7j534zvz9v4k85dlc54wa3zsqq68rx0,🟡 SINGLE_BENEFICIARY,yellow,Treasury withdrawal to a single address
gov_action1mmalzkcxpyn33t05hml2hxpwq0ffv6uu4mhe8sv7guz5nmm4afysqlmepzl,🟡 NO_DISCUSSION,yellow,No links to forum discussion or community feedback
gov_action1vdlrcftd48qn2zz8egepr6xyfcmxpfz8r69k769gc5mhg662adesq9yy8pl,🟡 NO_DISCUSSION,yellow,No links to forum discussion or community feedback
gov_action1fpqwxp2kxvnntr8hpkh9q9djm78ccdww7qlhg5safugh4stmcwzqql5lauu,🔴 NO_METADATA,red,Anchor URL missing or could not be resolved
gov_action1h4ygjv0hjfj3lmafcm76rpdzcm8vsvj9k5wejn3npyxwxm3fesnqqw9kxxz,🟡 NO_DISCUSSION,yellow,No links to forum discussion or community feedback
gov_action10k0unljvaej0kd89w7pn0zkgdx59c7xkl0x5q78dzvdtd73u0kmqq5xl5y5,🟡 NO_DISCUSSION,yellow,No links to forum discussion or community feedback
gov_action1nd3t833j7v5sz65k3tp9yyvztw60sjcjgcgjr37682s3m7frwrusqmd2k80,🟡 NO_DISCUSSION,yellow,No links to forum discussion or community feedback
gov_action10ueqgzwenxr39le68n0se9peu92r7gm2846xwehh3u0ahc0qd0uqqyljxu5,🔴 NO_METADATA,red,Anchor URL missing or could not be resolved
gov_action133jnaewfsq8x6v08ndd87l2yqryp63r30t2dkceacxx5cply5n7sqzlcyqf,🟡 NO_DISCUSSION,yellow,No links to forum discussion or community feedback
gov_action1pvv5wmjqhwa4u85vu9f4ydmzu2mgt8n7et967ph2urhx53r70xusqnmm525,🔴 NO_METADATA,red,Anchor URL missing or could not be resolved
gov_action1286ft23r7jem825s4l0y5rn8sgam0tz2ce04l7a38qmnhp3l9a6qqn850dw,🔴 NO_METADATA,red,Anchor URL missing or could not be resolved
gov_action10lty9xka3unprtvdfrqvcjgsz33sjwhv9p06afqzar8au782trtsq7dhd95,🟡 NO_DISCUSSION,yellow,No links to forum discussion or community feedback
gov_action1t87n2vjnavthuggyarerafxx8c7n9mu4c7r96qlfp5uggsjdc8dsqymg588,🟡 NO_DISCUSSION,yellow,No links to forum discussion or community feedback
gov_action1zhuz5djmmmjg8f9s8pe6grfc98xg3szglums8cgm6qwancp4eytqqmpu0pr,🔴 HASH_MISMATCH,red,Metadata content hash does not match on-chain anchor hash
gov_action1zhuz5djmmmjg8f9s8pe6grfc98xg3szglums8cgm6qwancp4eytqqmpu0pr,🟡 SPARSE_RATIONALE,yellow,Rationale under 200 characters
gov_action1zhuz5djmmmjg8f9s8pe6grfc98xg3szglums8cgm6qwancp4eytqqmpu0pr,🟡 NO_DISCUSSION,yellow,No links to forum discussion or community feedback
gov_action19uhuy5uame2s60yrh6n8cyds8ps5q7tkh05dqlzmpcfy429p9w4qq5ll3g0,🟡 NO_DISCUSSION,yellow,No links to forum discussion or community feedback
gov_action19uhuy5uame2s60yrh6n8cyds8ps5q7tkh05dqlzmpcfy429p9w4qq5ll3g0,🟡 SINGLE_BENEFICIARY,yellow,Treasury withdrawal to a single address
gov_action17dfgtkeufcy945e3ssanqpmn09ft3gezhvepvvg7msmlmaz260dqqjtsmpe,🟡 SINGLE_BENEFICIARY,yellow,Treasury withdrawal to a single address
gov_action1uhzd06a26qavzflvrx3gvcz6rzxkl6su2ns8t3seef5e8dl6nlgsqcgtufg,🟡 NO_DISCUSSION,yellow,No links to forum discussion or community feedback
gov_action1uhzd06a26qavzflvrx3gvcz6rzxkl6su2ns8t3seef5e8dl6nlgsqcgtufg,🟡 SINGLE_BENEFICIARY,yellow,Treasury withdrawal to a single address
gov_action13qr78nhrhetywapvx2wpm63y9uxpc2dc45zsu9gkncasxqhuhltqqqfu32x,🟡 SINGLE_BENEFICIARY,yellow,Treasury withdrawal to a single address
gov_action1k5vwlfrxtyusd2ec37tckd54gjvqn2kd72xj4t6wkkapdv7zfg0qq468n2r,🟡 NO_DISCUSSION,yellow,No links to forum discussion or community feedback
